"X","Y","Z1","Z2","Z3"
-0.6407483676251791,-0.839701115883763,0.5352490402360506,-0.5967821724714999,0.44502505693259875
2.012876053357501,-2.1276806482404793,0.226121724054471,0.3631791171730559,-0.7672954633841998
1.699887427644831,-1.9545428779113372,0.04819721537065654,0.1193699188619707,-0.9195529339666788
1.767184392093467,1.388253498984014,-0.03542174891338503,-0.19188610551020205,0.9644824073171135
-2.012261760728122,2.5341463840011555,0.3508307205388311,-0.24387100482762739,-0.5160504866597244
2.3444329825831995,2.298271801287114,0.46465347403721635,-0.5218589139760157,0.5342812878092537
-2.116931348352844,-1.956988673372545,0.19563485726714583,0.4811353809370741,0.7916015574057167
2.832282270704468,-1.628249552082191,0.05469660608831354,0.9509720365079248,-0.303899560722011
-1.7822397706317643,0.2684860303921088,-0.20235248076907145,-0.05567301242762661,-0.25936413762322225
0.07714800199858951,2.756986720588903,-0.9241892178272533,0.37407789844323,0.028916754282670782
-1.5312747997137608,0.5086340068650848,0.03450953297024027,0.019241366269825325,-0.48660435520595613
0.31152404669348244,2.9742101886888683,-0.9385644593854645,0.1585830071501943,0.05106511682976484
1.6265327244554602,-2.2056207546320348,0.03303658792739911,0.04485436810812418,-0.8039254953730286
0.40335360522251795,2.6588035141504833,-0.8146256787872701,0.4269950953336933,0.1822209778219917
-1.241253385321321,2.993697912703951,-0.32007790033205435,0.047686022646234005,-0.13942699906042041
0.3154557239135782,1.1045303117483964,0.4273708297502597,0.8491756431401377,0.27713155398581574
-1.3324333884400779,-0.056786208798161236,0.2357315784384815,-0.013400710035978997,0.055150972766388945
-2.11524453226866,-0.16802176578222813,-0.5106521909107616,0.08661732804539471,0.1430527219024868
0.8335156971411637,1.8426703072158002,-0.1805313532889893,0.6475840742902798,0.7131077876317916
0.9427992015342904,0.7072697968259926,0.4466006331059367,0.381750880169613,0.5257903037766644
-1.363151477153463,3.1106312170895856,-0.20605711025671633,0.006381863505526033,-0.030291518550677417
0.01588490801743531,-0.6100098997243851,0.8195389384490775,-0.5728032989481205,-0.009099693104855151
-2.3888777217391954,-1.3737444496544908,-0.1428865622945186,0.7157118080307636,0.6703932771135631
0.0016263220099169042,-0.17958963321464008,0.9839157765442053,-0.17862558536353448,-0.00029050297713041455
1.4272223124794317,-2.344941790052528,-0.10002887160506875,-0.10230577885858223,-0.7076618386444367
0.8748158195210256,2.16952265131745,-0.3613396026526765,0.5296148607955626,0.6339349356775664
1.2718080534494984,-1.37713849204384,0.05668671601363794,-0.28904738387952317,-0.9377711601077908
2.3964468944927058,0.7510050218749554,-0.5372795397000594,-0.5015372719346699,0.4627032948688995
-2.1166047829248082,2.909235076376567,0.5051588234226579,-0.11953652418052195,-0.19681562206747757
-1.3649526012309618,-1.7404471831500712,-0.03450937662946086,-0.20145883229586894,0.9648357329724826
-2.0144857760350026,0.9811749246805094,-0.23869658853081857,-0.3567921181522395,-0.7506742275150897
-1.6702015625360267,-2.9306821650927604,0.09704248248202132,0.02077625993351671,0.20831681354286002
-1.1015476143024578,-2.3545085690878635,-0.31922568284690217,-0.32030388025580797,0.6317367665435715
2.637793623973076,-0.7475341512379432,-0.6422501337468965,0.595366591486395,-0.3281932193251409
0.38879174516996007,-0.564788469706065,0.7816598386737483,-0.4952911948450229,-0.20289267326416874
-0.659592262402568,-0.6761686142149116,0.6163700382991036,-0.49454083954506284,0.38349257712706186
-2.5389265907808576,0.5877880938225172,-0.6855637670420649,-0.4568301215937611,-0.31432555801890527
2.089778591134165,0.13515077613597343,-0.49147368986360845,-0.06683044935590869,0.11699778416931615
-2.6063885047576707,0.8262000270393711,-0.5829119964867473,-0.6325319117661787,-0.3750466303033699
-0.26901830386422504,-3.1164098025081817,-0.9637266142303238,-0.024274515464790942,0.006692521135956652
2.575684511513331,1.8560154860586435,0.23750309695139663,-0.8100003066146761,0.5145208305495463
2.9399245370804414,-0.2777885046671556,-0.94217497737374,0.26867201584422784,-0.05492926452898379
-2.822873110588728,-2.2691797348245637,0.6105982616305675,0.7273108063208887,0.23998996982696805
2.532263779882062,2.4258014501721106,0.6187752805863903,-0.5381172033966743,0.37556295626460934
-0.9755456684235009,2.619336244584091,-0.4859704825866993,0.27970606128410913,-0.4130410367997119
1.970009949936693,-3.0163684891992713,0.3856503288440425,0.04854676124992099,-0.11507610073440275
-2.531340595264536,-2.5507012548190757,0.6805521796985032,0.4565466835184325,0.31926040858645444
-1.6131736009120305,-1.1527725142830767,-0.017198127193885582,0.03871670226364747,0.9130724910003333
-1.689933512287246,1.6104338449877313,0.0047099056092763415,-0.11876219643312162,-0.9921316598602328
-2.178075339917475,-1.1498067758069974,-0.23319790532483037,0.5208100840508284,0.7495003361112119
-0.5455932580998085,-1.5753193873708866,-0.003866387579442391,-0.8548108406165371,0.5189200023384968
-0.09745994734567917,-2.3965030264568905,-0.7315390909258962,-0.6748200889958197,0.06597695548522785
1.1608874247446819,2.675954639834223,-0.356096844593215,0.17893527713359778,0.4117971141459101
-1.0954025267281982,1.2461403343233308,0.1459947813651386,0.4337791976751057,-0.8426657708680422
-0.6207848730840043,-0.6673183716529818,0.6389301782705981,-0.5034122061810408,0.3599873338379346
0.12329530294520648,-2.3110213957299157,-0.6693341566625295,-0.7327120375118299,-0.09080052803170874
0.2807016741306271,-0.8484597763305366,0.6352633552851958,-0.7208986671537975,-0.20784530302577964
0.2864585806235581,0.5667443355699797,0.8092749528158025,0.5150103411438495,0.1517014762645764
3.034137346117709,1.3692892845565392,-0.1989917099544961,-0.9741149981174014,0.10507857323066627
1.91142734783845,-1.1649604202504102,-0.13189116913431645,0.3069453555171114,-0.865983745410606
0.8942686301543733,-2.6029034803608577,-0.53742368970781,-0.32119083470860044,-0.40002122806152907
-1.533716843903755,1.2031690700197073,0.013323395790474207,0.034594005056735565,-0.9325413035055821
1.7800905526026751,-2.7172161282869753,0.18933950886353765,0.08554968348036246,-0.4027673411056147
-2.2995447378603737,2.0692203894829957,0.31834555017579563,-0.5849166441732934,-0.6552468494752762
2.562392198095024,1.565422944448611,-0.004496965011492309,-0.836888470047309,0.5473470706434097
-1.2813558263135414,-1.2093034492589891,0.1009433830600935,-0.2669695698763014,0.8964619672318099
-0.9429617511492904,3.0201744285501753,-0.583069180453531,0.07114518564265054,-0.0980226719174503
0.626583038012881,-2.781293788401844,-0.7580246837017638,-0.28558132586022295,-0.20673068474041625
0.45345139729724,-0.22494932086271688,0.8762920683128643,-0.20051493600504833,-0.09771472712575006
0.5330169766665414,-2.046781656439734,-0.394650027022905,-0.7655397358489846,-0.4516507621331193
-1.5553839823529005,-1.7079552753406355,-0.0021072356492926854,-0.015266994178238583,0.990490796134882
1.7015894907684976,1.3498303115783143,-0.02858457079344658,-0.12724955071214833,0.967352611721364
-1.3968754199388307,1.9223847859545247,-0.05959503240568885,0.16245969083945747,-0.9246635609127021
2.107791096019585,0.5708316994749922,-0.4304498056069572,-0.2764101458494558,0.46428027936319827
-1.8252903663142346,-1.8843511710302037,0.07765208036727951,0.23948095051281512,0.9206043372215247
-1.4961203407147619,1.2384375117794546,0.024342168813596115,0.0705237805558244,-0.9426409139951049
0.7118844968394399,-1.0522308654783814,0.37526097190491436,-0.6575928053971501,-0.5673781276038125
0.16616349686289383,-1.9276459980484466,-0.34451271997979394,-0.9240962364110397,-0.15498004335923182
-0.09204208792542236,0.7342230447706194,0.7392092581191397,0.6671745073424222,-0.06158213569927129
-1.7998341170945003,1.4576270266728755,-0.02563920977218543,-0.22558821080871977,-0.9676555435362829
-0.3826185651141756,-1.1674427740714488,0.36412300680712856,-0.8532429277547727,0.3433895049650137
-1.3025076736240468,-0.5344411920936458,0.2281169582700413,-0.13502207731461474,0.49113835889163443
1.0847254241799327,-3.137509796094812,-0.4671515989811141,-0.0019073240053934025,-0.003609951223548595
1.5913059947631516,2.2144928146181995,0.01230814333474098,-0.01640417964951937,0.7997145292775115
-3.091900112987941,-2.1883476706125795,0.5783257327641391,0.8142923492966647,0.04049759534475545
0.9616035236176133,-1.40779670533111,0.09285684357377703,-0.5646210407558422,-0.8092395649575462
-3.0594185951536526,3.1244332707020073,0.9964788896937478,-0.017100641236934496,-0.0014084006310220042
0.2099241532774809,1.9306151381809689,-0.3443748026195438,0.9154132332001615,0.195040829990423
-2.580957787037895,-2.822925612406125,0.8042786864870619,0.2653401561887409,0.16658965073524767
2.42204356587163,2.648898861136667,0.662649270958716,-0.35574545989301587,0.3117292304915114
-1.796981789392086,-1.611128368648759,0.009042483787794096,0.22407941140679963,0.973736425124651
-1.8422021222766187,-0.4170236388082937,-0.24511067169784279,0.10858582824092505,0.39021443341144596
1.8056033976490284,0.5610545073048845,-0.19698800939603814,-0.12379110743556501,0.517478680567364
-1.4644705581765762,-1.0844436532126056,0.04960356810171637,-0.09381959809251976,0.8790510875368102
0.6233993239424468,-0.02722006749986647,0.8115978690938086,-0.022097206558776755,-0.01588907050858358
-0.3528909598070145,1.9198738821748544,-0.32095432317693934,0.8817826414417295,-0.3247677183615476
2.9882462250337274,2.3067556170485393,0.6634210980897802,-0.7324896333196389,0.11321347325662726
0.4537696600000742,2.8237349565227765,-0.853777518342468,0.28090434656529906,0.1370006594497131
-0.15444238065365676,0.7954405636354629,0.6916387742369271,0.7056715959702141,-0.10986047382822912
2.0549276542765234,1.945201406638078,0.1702200854919125,-0.4331965238731831,0.8237660272897992
-2.6687188186316426,-2.1568646126238114,0.4923953529705131,0.7416975003085755,0.37944247372760864
0.03174648916817951,2.375753241758781,-0.7204375843370415,0.6927930326113355,0.022001138208167105
-0.018065803461391267,-1.3494602243291096,0.2194975029640309,-0.9754457998488718,0.017624129497197147
1.3093882094737632,1.3314251206936922,0.06127426460955205,0.25107222062060314,0.9384829324885682
-0.670954533432341,0.5262501714859942,0.6772551198875016,0.3934113306572362,-0.31229346020263066
-1.415940709247514,1.104402758231264,0.06935563888640385,0.13776423756155468,-0.8825076396704301
1.8774169582663207,0.8017477210693175,-0.2099142402834846,-0.2168929712377236,0.6850577225873261
-3.018062383925466,-0.4306799108355035,-0.9017577959401133,0.41430738823215507,0.05144143070980965
-1.7960110856747833,2.154459704377062,0.12306582930291166,-0.18634565924520527,-0.8133763795624805
1.1998284655777003,-2.809814767188314,-0.3427476318498476,-0.118080862005668,-0.3035676879445522
-1.1816292748209223,2.165106723179296,-0.21245031065618197,0.3143609307728159,-0.766581483590218
-1.7108724991178779,0.9045889273974757,-0.0862854879394411,-0.10976407264475721,-0.7784709144169621
-1.4096286779273264,1.0421273453711488,0.08093899767901208,0.13856322296548307,-0.8522889932775333
-0.5783114790778665,1.5284409154659075,0.03545725882269699,0.8366357912682975,-0.5461205402038692
-0.5913774993384978,-3.0648709787826287,-0.8277314122613543,-0.06362983556383897,0.04273077689984155
-2.792653177399644,3.138143092215343,0.9397302446317426,-0.0032416700123503598,-0.0011794074817660033
3.123310732885386,1.9614142381460329,0.38069622566396305,-0.9245194386140126,0.01690387436128107
1.901483314082038,2.0680548535946865,0.154884302005852,-0.2853704845140368,0.8312747063221234
2.458376808641859,0.15417171598862672,-0.7663478908476496,-0.11909424843700765,0.09694201010566009
1.906790862603646,2.593331982117546,0.28138369484330084,-0.1718451367028346,0.4920594082690798
-0.644096448481328,0.3474762289261797,0.7518521038472528,0.27229907957019805,-0.20447772043339418
2.5734897212358967,0.716788899592545,-0.6354959680119521,-0.5537728404562615,0.3534706228229084
-1.1595823447272915,0.5433565123581591,0.3421536420646284,0.2066612785618507,-0.47391193691270017
-1.191119462326583,-0.107904966052356,0.3684648025304959,-0.039914215871532925,0.10002608132873941
1.8932744199789866,1.7504763418514404,0.056637900509651215,-0.31181580266940356,0.9331837673581292
-0.9105465677938931,0.9179141752929902,0.37257504561378857,0.4871776578891654,-0.6273978136888515
-0.8240111001396089,-1.0312693939485906,0.3489681924292462,-0.5827921007427782,0.6296305814730275
0.5239230316323777,2.374765917180414,-0.6235220282308417,0.6007823347908562,0.34712163442336885
-1.59026687788136,2.2321424637313783,0.01195766232140232,-0.015364529528744333,-0.7890165940853385
2.9061798363125466,-2.1191477133654053,0.5069031336902394,0.829847122035932,-0.19904732020759713
-3.1118623754920476,2.725687626849388,0.9143468084849792,-0.403839429435825,-0.01200979719677512
-1.581953795349501,-1.4107266729593944,-0.0017783182127808954,0.01101460499160579,0.9871547356647478
-3.092166722894363,1.15120928816742,-0.40688584613257467,-0.9121419704379039,-0.045120213530624585
-3.0034546685323025,0.763313684808289,-0.7156662435851368,-0.6847341031631795,-0.09519406195818286
0.8681685702248638,-1.0902036377380278,0.29875305299638494,-0.5730215751568465,-0.676698263785587
1.4916461289516991,-1.6715835716292462,-0.007955518878574397,-0.07866633384545246,-0.9918104093523458
-0.7687877764865343,-2.1292001137346905,-0.38081968297024255,-0.6095766571016824,0.5896551210862616
2.9756936775024707,-1.0129044013407136,-0.5221304522323775,0.8367250989945719,-0.14009949642907743
0.6442353636421635,-0.8776420041418583,0.5108917797797301,-0.6150484159767435,-0.46199232947220736
-1.287975069780221,3.0017595609724537,-0.27634204324103473,0.03889560601388499,-0.1338406278132772
-1.42798287020654,2.485839765079661,-0.11280800488595667,0.08678567074255222,-0.6035485121522891
-1.9318822205234734,0.6278969548946582,-0.28590538317710695,-0.2075383215693976,-0.5495620623976255
0.3679938867741496,-1.8575293065965561,-0.2638855541917959,-0.8949572146010156,-0.3450570585219539
-2.5888340465578765,2.756765008794575,0.7888341243245343,-0.31949468661935443,-0.19709857740170778
-2.261673497635882,-1.4712855588141918,-0.063305000626275,0.6340610853908535,0.7668746897108
2.536859172460726,-0.4911765999319684,-0.7253983131609048,0.38801587867734066,-0.2681610297816496
1.9583170535775896,-2.691733788795878,0.34029688456594975,0.16432290314102363,-0.4025946556358634
3.1083366089217654,-1.2350794780263044,-0.3292639236620121,0.9436523256617239,-0.03139371819272677
1.6378156994026236,1.0371219018928048,-0.034067254911424524,-0.057656722601436595,0.8590109236708535
0.9135178787963875,-0.45104545931738366,0.5498631549751727,-0.26632353945134873,-0.34508897900181607
-1.3548709251015887,1.9467563355384347,-0.07866576765549836,0.19928716290110335,-0.9085560015957754
0.6433842462418601,0.019584274987393128,0.7999166859956105,0.015667791491664397,0.011747982966198734
-1.3978781382890046,2.916313590191269,-0.16771015863048172,0.038433981219036135,-0.22004711083939202
-0.3439848481257856,-2.2017723525416506,-0.5553738403376498,-0.76015017703235,0.27230609086327817
-1.1676901646179672,3.0956759478535836,-0.3918639687299551,0.018005758429878952,-0.04222150211533069
1.2204691810758594,0.9139062110090044,0.20958063390515613,0.2717824482004911,0.7437958045451266
1.5036973987837345,1.2683532905550567,0.019970639986563427,0.06400536644265978,0.9524635205824151
1.7062162177317632,1.5780636104049335,0.0009811209410702515,-0.1350028045609656,0.9908185657724378
-2.8713283550936053,3.082662421914978,0.9620274942743087,-0.056758221122459214,-0.015724450778913053
0.8297969694658235,-2.05924393407516,-0.31675952459138906,-0.5960896929672592,-0.6515184302391016
2.9018573281936177,0.13035465442686775,-0.9631593499775868,-0.12626831359722732,0.030864546238319246
2.8943646355647403,1.5556949736040773,-0.014641632439840306,-0.9694839413125558,0.24468930095957356
-2.662862687564626,-0.8755290922695418,-0.5685759015385737,0.6815577100666649,0.35372685088376593
-2.5682489662905366,3.053390644256185,0.8368262421415709,-0.07400175684030201,-0.04778264663635991
-1.1360501684330737,0.018290585711848696,0.4211097364057166,0.007703202770989043,-0.016588215320300945
-2.701418699088335,-1.9331847601655032,0.3207159316197149,0.8459212555135136,0.3984230351302772
2.404720857905702,1.4082210566470528,-0.11986938734835544,-0.7308088350330079,0.6631136931602846
-1.7762521521348307,-1.3425242211047552,-0.046167174223674654,0.19872107935375546,0.9535725457435487
2.0615132119429087,2.035343223084821,0.211132088013511,-0.42131653815357567,0.7885254973711522
1.5580680270783598,-2.5616236209341574,-0.010646675831977908,-0.006974894877591333,-0.5479536436266319
1.1151440395286163,-2.159581448840017,-0.24438123037665432,-0.36595106738590605,-0.746769675737584
-0.5402869751791975,-0.5438539813965786,0.733832911410275,-0.44373449428242545,0.26616072682979297
1.6978950278389762,1.0649200861523884,-0.061423056590443774,-0.11088052263522011,0.8676943205566102
3.0982735015606524,-0.32551651985490265,-0.9465968080818428,0.31949821206863194,-0.013849055515694089
-2.7787604792856917,1.7329756933584328,0.1509569538819227,-0.922627416637147,-0.3502660373475703
-2.217387249763083,3.0544024574290414,0.6001804098525672,-0.05246285825402073,-0.06950204455859872
-2.6856805527629093,-2.8916275117895047,0.8699552758482118,0.22210374954460058,0.1089124999631835
-2.956751119913283,-0.10500461937128897,-0.9775512915202802,0.10302633500664914,0.019263434469730986
1.0232852829353718,-1.702717945488723,-0.06847458991496713,-0.516040514815319,-0.8464039213361214
2.4084647169076505,2.952464187667997,0.7298344867569299,-0.1397021582031273,0.12581106837867892
-1.3563402053590108,0.5800209845257223,0.17801022154691526,0.11663201967822054,-0.5354871110838285
1.8785845789347868,-0.3280021582202794,-0.286800568235485,0.09759655728551435,-0.3070130977702587
-1.7506892039399944,1.9894616689157254,0.0727400919048421,-0.1634709188483441,-0.8988889393467567
0.6708019735135204,-1.663369120275952,-0.07241090823969343,-0.7799693639263325,-0.6189527617957122
-1.6267574263723272,-2.496884179169781,0.04470496586394995,0.03361313718794313,0.6000246953653887
2.5464506973304046,0.6711473967379281,-0.6484679219602986,-0.5149635861350513,0.34864505476955615
-3.109077293096609,0.12179122419269042,-0.9920679494806847,-0.1214261400368594,-0.003949606720191619
-0.6704678209696517,-1.685816030925416,-0.08992293232355242,-0.7783539064376486,0.6172470343055791
2.441687559202366,1.9180547573578064,0.26031279139994207,-0.7192456779588645,0.6056955987600336
0.9146633341269607,2.102093965113041,-0.3090871078121653,0.5259611716106437,0.6831310731212723
2.392858395246852,-0.04955726074336636,-0.7316517010154922,0.036288366118933234,-0.03372041988574323
2.5835906340610726,0.004605344948181195,-0.8483057228448403,-0.003906768095067086,0.002438486251777971
-1.595764748009656,-1.5996570823060992,0.0007204326057844372,0.024955430148545926,0.9992719922706417
-1.71036977658154,0.8437681569207146,-0.09246689068787402,-0.1039444576871451,-0.7398871898166715
-0.3461375244024208,2.9841948802811458,-0.9290618168532297,0.14745193809610027,-0.053179647593996675
-3.0944095325529712,-0.6441807363451659,-0.7987021591991039,0.5998752083125644,0.02832500716766816
-0.8741232451005875,-2.0866361486270537,-0.31651349837698,-0.5581747294492463,0.667180674718591
-1.9069280251420067,1.707191562987597,0.04484893589289604,-0.3267744055095919,-0.9352699648012743
-0.28364717145445456,-1.0958274859302388,0.43903711807018303,-0.8537712717623454,0.24888050346357957
-1.024969107804431,0.03282470772436576,0.518845646952852,0.01703707608568767,-0.02805017926585677
0.19042643265114562,-0.3429749576177862,0.9247347935291146,-0.3302113534876262,-0.06365222698541034
-0.4895865026392139,0.6625797365151972,0.6957915845973522,0.5428891759637149,-0.28928236558499476
1.8075852712737317,2.986790014736443,0.23177724533316738,-0.03616910894910589,0.1498827574772932
0.9127686865881535,2.6347757974283574,-0.5346810763608068,0.2968480022633825,0.38404586547208225
1.183930177685883,2.7614065717981053,-0.35034799998195326,0.14000904746622547,0.343667982345624
-0.4698689813339889,1.701267051466535,-0.11600153840787321,0.8840494616604603,-0.448921273866894
2.2676752297900795,1.879264349344268,0.19485836775318985,-0.6115330216155126,0.7306536888579669
-1.422819786534179,-2.2440325067872777,-0.09192987358308671,-0.11526748755078135,0.7732639040643264
0.2915411253871995,0.05047719174837525,0.9565820941964823,0.04832662932704915,0.014502431127682755
-0.7530711742500033,-0.9677386508435414,0.413797902009429,-0.6008958048392251,0.5632493811967181
-0.8318016802340775,2.092153183987467,-0.33546400212567395,0.5840607597957966,-0.640946228289633
-0.10944635332183587,0.7009807092279414,0.7596375498255679,0.6411084467583691,-0.07044849566807197
0.9525585717839661,2.9292970375301937,-0.5665878664375716,0.12212434802044458,0.17170335889685856
1.2143462117525399,-2.664698021670535,-0.3100155060849784,-0.16017576386808902,-0.4301690217262526
3.1259921347691644,3.1200080822329816,0.999645404902997,-0.02158026904834758,0.0003366907080531269
2.9164525423897896,-1.2996972877292856,-0.2610322250357932,0.9391617365769562,-0.21508947471269854
-0.1682115797454394,-0.40868270346812297,0.9046932499968375,-0.3917918511470022,0.06653262971517843
1.2613945192138256,-1.1611154265097836,0.1212830013067723,-0.27929182900864175,-0.8736932624416107
2.4086197266408513,-1.0079127482520835,-0.39658556420336316,0.6285293328862738,-0.5658559730229671
-1.4031266426153899,1.0794610582710742,0.07873702631870513,0.14714326348180007,-0.8693389468883191
1.8013554298582177,-0.836504461818542,-0.1531237446046415,0.1696330241224606,-0.72266312615469
2.3560639859881123,2.7556641679789617,0.6550131063676358,-0.266134038191039,0.26620351047960583
-1.44948200802567,2.0131344011014654,-0.05180175904222061,0.10936948806155837,-0.8971111224030786
1.2888422393873735,2.456787045285986,-0.21550323168556149,0.17598868840935378,0.6075464118934715
-1.8864240251249045,-0.13889351307453623,-0.30742387974563895,0.04297589390126055,0.13160830656976755
-1.312106956210391,0.10334253211391761,0.2544489632251767,0.02638941058481908,-0.09972619281837232
-0.9194995351310572,2.969487374129773,-0.5972622296389272,0.1038190608712237,-0.1362003295112125
0.25936649005493,-1.3701894897021258,0.1925991804718911,-0.9471692434084615,-0.2513250260597912
2.1531806219101703,-0.6476663938484759,-0.4386350018144879,0.33183996377140734,-0.5038707410704346
2.562333119060027,-2.3704277218940866,0.6001175536477822,0.5832729449840517,-0.3815250478824962
2.198200647713068,1.2308115261559645,-0.1957636499467454,-0.5534427610324079,0.7632149282534124
2.57236637710196,-1.308931927840691,-0.21806089862756461,0.8136027761113719,-0.5206061038428558
-2.5354009870265948,2.251537660738908,0.5172306249779485,-0.6386444540065549,-0.4427499919401645
-0.15917712071429213,-2.106531454871898,-0.504019930554011,-0.8490228654632755,0.13629810887096672
-2.407181735561932,0.9605683187155234,-0.4253356268752068,-0.6082668231522689,-0.5491996038889412
-1.0022975254226327,-0.6065022680623048,0.4423479657347477,-0.3068679341543273,0.48034228524884826
1.761682579553847,0.21107720314312323,-0.18551823731698844,-0.03975077817615409,0.20570781583993406
-1.5923654381351513,-2.136253543619882,0.01155587520676914,0.01821033144775143,0.8441473130855315
0.3257989987097211,1.3005615687141983,0.2529144526545351,0.9130126657076083,0.3084501063311977
-1.0492815204473787,0.6410267771234249,0.3992937139460133,0.29792941509259085,-0.5185213873698583
2.358870978608186,0.6263400370755133,-0.5744138577457407,-0.4156022084437689,0.4133834326802658
2.0559412368091015,-1.7551465620852733,0.08548313569556075,0.45843474344874446,-0.8696182093648863
-0.017005309166722674,-1.1149667966968304,0.4401436489196857,-0.89776634802707,0.01526826609786526
-1.1495330658738194,0.06693931075108271,0.40799779440823597,0.02735195688791119,-0.06104140430547036
1.7761050603516175,0.4607393047160024,-0.18261073972747685,-0.09064247245244701,0.43527277287391997
-2.684238211893699,-1.0275011712385158,-0.46382837440626273,0.7680324719413608,0.3779934117298251
-1.5608997060413339,2.3906575527379776,-0.0072348178625928445,0.006752578415658363,-0.6822892506645207
-1.4130873265992903,-0.09624565934468868,0.1563291913942662,-0.015092637079219845,0.09490454201108894
0.7184092733553785,0.3918535712555012,0.6957894511610092,0.28751643526545306,0.25136337934932396
0.3543738367922722,-3.010578787185261,-0.9298264145738218,-0.12252197205222828,-0.04533228242151232
-1.4964900375695147,-1.17639077896578,0.028526625160731137,-0.06853832293219034,0.9206775648081105
-1.5274834319035546,2.108515002254922,-0.022176973892684484,0.037188921096416916,-0.8580738536075502
-1.1234975192877452,-1.708358234637246,-0.059312403627754556,-0.4284456601421177,0.8931013943254208
2.88607054352499,-2.1129378771298124,0.4992187938653324,0.8287929352725233,-0.21650759720317025
-1.911986374693829,2.2434804401751456,0.20849058562551329,-0.26171494158629727,-0.7370665606871667
1.700612045937387,-1.3432770663550526,-0.02919924382055682,0.12611531583288618,-0.9660315608876204
-2.061219124406367,-0.23059045349695761,-0.45853231432702657,0.1076479222728142,0.2016137870146965
-0.7285578960822412,-2.6640684839458073,-0.6626692602204114,-0.3429101500315311,0.3059868958369859
1.449522688922478,0.21961764665635572,0.11807082993146423,0.02635553246750573,0.21625639228683452
2.899765855552357,2.561138716376105,0.811881746307531,-0.5324462000232607,0.13132986201422556
1.9836835832206388,-1.3200702340438226,-0.09955449578554815,0.38870937683406687,-0.8873261696522465
-3.056729546977098,-0.656221052956797,-0.7894522484808136,0.6079314700673536,0.051715159298657894
-2.5022596708211666,0.6290121876411748,-0.6489038683757057,-0.4721443208990377,-0.3510428726910219
2.1772488522145275,-0.5766709752973699,-0.47778423349903887,0.31076079954566255,-0.448007085593171
-0.08523802875789065,-1.8190812747807166,-0.2448496799947001,-0.9658160754291856,0.08252421577461984
-3.0315672034876497,1.780543249561695,0.20695337882638035,-0.9721694651959376,-0.10739710190719329
0.8898517046514041,-0.9404838799803503,0.3710415986071108,-0.5085594339608518,-0.6276768666190957
-0.012740948603929896,-2.6860042874773287,-0.8979294218160527,-0.43995503230380173,0.005605747788228475
-1.6150115064629005,0.3727151570331626,-0.04116604064304908,-0.016095513594287767,-0.36378962008193877
0.180421798817414,2.0413456490157316,-0.44601681763541356,0.8768515580636237,0.15994239633570534
-0.12796464277030487,-1.8142205576079944,-0.23905659811062827,-0.9625830758141563,0.12385336948685768
-1.9907467842792366,-0.11164903204422284,-0.40517666619870285,0.045426494387530186,0.10173607862244824
2.1881284754308936,0.750888913160283,-0.423195817480086,-0.3949509721435309,0.5563558848587928
1.8593172256498176,1.6464127592501567,0.0214949914926328,-0.2837214984708705,0.9559263340131565
1.9628749227253686,-2.3520786589060227,0.26907829340196654,0.2713024218151581,-0.656133203490016
2.8132456777410484,-1.6293779388143623,0.0554202777901424,0.9449529327077412,-0.32192557162613905
1.251277613666742,-0.1252869169795906,0.3116476325484506,-0.03925095792989354,-0.11863479928450668
-1.7510277601112356,2.083366085825722,0.08791105565846308,-0.15622039742981095,-0.857370984046088
-0.6823160832266183,3.0867497268858015,-0.7749474124790681,0.042543045597479956,-0.03456619123635252
-1.2339275937989993,0.2625369776084278,0.3192076050234549,0.08578381832784095,-0.2449442804864594
-0.1458077439650952,0.7858946367069071,0.6992561586343505,0.6999508276145067,-0.10278770427265853
1.152686988169611,0.35291037211904297,0.38100986084242117,0.1403374301475354,0.315857076957178
-0.3602830030521226,-2.48816644920878,-0.7430281664373786,-0.5688807786995104,0.21431217155725565
-1.4524959151238872,-2.937752507262564,-0.11558113770604679,-0.02389190560736189,0.20101659415486023
-1.8057786664218902,-2.8668575979481217,0.22409416944142893,0.0631637654200112,0.26383641622341064
-2.1246300346907017,2.591482785132135,0.44835652363366135,-0.27495750368310296,-0.44463269280191
0.06885052522507806,-2.856069131649796,-0.9572409889376765,-0.280992490982927,-0.019377108650912144
-0.8113936809929987,-2.3966896378636946,-0.5061447160001186,-0.4667265993716876,0.4916455939842578
1.1411718329167233,-0.19737247162077237,0.40844261627885664,-0.08167871587568622,-0.1782729543099097
-0.34088344592952663,2.1608947368436655,-0.5244248966714001,0.783076481514335,-0.27778164459032206
-1.0621178237403486,-2.745057845276895,-0.44923284092119214,-0.1881003353442757,0.33732405549433403
-2.9940731953982094,1.6132064544794322,0.04193692548104062,-0.9882493146001851,-0.14685282205945907
-0.16031556947550935,-0.35098673428362087,0.9269926355907613,-0.33941567505790354,0.05488462291413271
3.1034088801071285,0.037176445467137116,-0.9985806274805235,-0.037140790433632824,0.0014188651646540097
0.6168938765667616,-2.1120000804948735,-0.42021194332786926,-0.6991098870897919,-0.49582981550849714
-0.1413618055442199,-0.439539125761185,0.8959210596176328,-0.4212778769528615,0.0599524810252361
-2.4231929878882643,-1.1363143058961191,-0.3169093447676905,0.6829104257771432,0.5970279368014894
-2.8123646737686703,-0.17710456927076287,-0.93149026549039,0.16671793122435957,0.0569612650565328
-2.922094151930706,-2.8382950267275726,0.9314586779166475,0.2915029044408366,0.06503222960190191
0.1203252663259027,1.0505640472582294,0.4934876239049005,0.8614299350837649,0.10415492978421005
1.9913118257183013,2.9016601076685857,0.39653690998796803,-0.09701085571307246,0.21693383238040995
1.1486421053740778,1.5691912948219864,0.0006576238521438014,0.40972597339830263,0.9122072410353863
-1.0698509110267354,-1.6017094575180275,-0.014843821294979291,-0.4800255518477384,0.8767098449815836
-2.475621964820251,0.8275479571817514,-0.5320877783607324,-0.5789453479416967,-0.4548869895445625
0.3241706808557555,2.3134320082031494,-0.6410105364039201,0.698318506423146,0.2346521542000866
2.3703802248529837,-1.1611182509978617,-0.28561752347762664,0.6577282584078483,-0.6393273375632282
-2.2951943605466836,-0.9003558723055815,-0.41174668817134713,0.5192453602985981,0.5867979547964677
2.0818607849692143,1.3429374102417708,-0.11048527331438383,-0.4764636968644058,0.8496793593228381
-2.353249235118778,0.8277365968035648,-0.47697798778384837,-0.5191789297809943,-0.5222462013011028
-1.8340981944388985,2.7953475778824415,0.24482395795590808,-0.08832735428088723,-0.32767209637976225
2.8601749695028187,-2.3993318093915614,0.7079528868033261,0.6493654668416615,-0.1877249729209475
-0.6205277906847204,-0.30071016571011716,0.7770637719708631,-0.24097877529279557,0.1722289994096477
1.8210082833852654,-2.7001782935604086,0.22387555332656775,0.10578332809526644,-0.41391507676435507
-2.56910178058681,2.680427745368722,0.752745488129147,-0.37403958327800857,-0.2410641739314441
2.8664107685181186,1.2173308922112687,-0.33312741633338533,-0.9028805504115296,0.25492380002174003
-2.7647363985262863,-0.4168190058837158,-0.8502157149107021,0.3764436995058555,0.14898588062697854
1.5561104323674275,-2.752415868605672,-0.013587220132092818,-0.005572022914193195,-0.3793859715536508
-0.8795863392728114,0.9466492615190185,0.3725408356423594,0.517282531251489,-0.6252112892498057
-1.1838411460460325,-2.3010836446116096,-0.2517376970761599,-0.2811345019563462,0.6899005120446917
1.1667032219500588,0.773821546376768,0.2812237021054183,0.27478669511629716,0.6425859393542954
-2.0620355706355054,-1.1657107969917238,-0.18590319819247042,0.43354212096312367,0.8103878655579604
0.4921064495233698,-1.2981659559548264,0.2373144108794174,-0.8487881223127086,-0.4550327105557492
0.21657870036485155,2.895733267075854,-0.947269401346445,0.23770397074303867,0.05230194998965465
0.343887282902306,-0.6114974411521094,0.7708501245311542,-0.5404816586347392,-0.1935554649393905
2.221149906683359,-3.0876896019772495,0.6045884548642972,0.03262076244056245,-0.042879037636725154
0.5613785263081362,-1.1373687026702113,0.35552566709256256,-0.7682454586050143,-0.4831277316687878
-2.048400742431976,-1.8127894873291872,0.11015040641721881,0.44625973518895723,0.8622214267796212
0.06645246091439562,0.1721615324098988,0.9830422480843555,0.17093421318826454,0.01137574888776732
0.3360903266387203,2.8037441966775174,-0.8906840586002104,0.31291329765956255,0.10931439588915821
3.1375295672087407,-2.618169638132701,0.8661061212984682,0.49984365362503924,-0.002030919117636901
-1.3765109587319457,-1.784767897185608,-0.04099600157376303,-0.18866259720765746,0.9588102314031255
-0.6984935778544751,0.4628640209341273,0.6852310358489545,0.34194460706777097,-0.28713652485639557
-2.8458841457953126,2.4707907120746033,0.749323979830983,-0.5946337609762044,-0.18114941581459423
1.5359233189207684,-1.136377337676505,0.014674496367149086,-0.03162740783653075,-0.9065632059303524
-0.9999215411816265,-1.8384777257860354,-0.1429253261809005,-0.5211240522424474,0.8114625831521588
0.2775383664784373,-1.2713849245593798,0.2836706392516861,-0.9189455752935907,-0.2617993475711831
0.021394890466489947,0.8450998183850624,0.6635047321715909,0.7478661637525441,0.01600295646983114
0.6307325184408512,-1.0687745959572894,0.388614091810124,-0.707947705876955,-0.5169697931679996
-1.0663755486297117,-1.4551430764000453,0.05577074385174013,-0.4800718055625514,0.8696061850879288
-0.20777406116344602,-2.5375693688533905,-0.8053553291030267,-0.5557430941566852,0.11715980372914328
-0.9698333273688635,0.19485667762154135,0.5547363572325158,0.10948326499892491,-0.15970101517581275
0.6339958307354591,1.099077612947989,0.36610953303531246,0.7176789183233956,0.5276753565735111
-2.114621405017923,-2.281128646201742,0.3373976623767596,0.3922742103522084,0.6487720047249634
1.342085204229744,1.2916137343306275,0.06247788718619304,0.2179439361681497,0.9362486985327197
1.298758393896758,0.48045287906907963,0.23827486802804945,0.12418566962501908,0.4451842750101428
-0.3202016575220504,0.9303033661361897,0.5672164052854481,0.761047282992161,-0.25237334276519674
0.18702743845843303,-2.369469738784804,-0.7039375812635107,-0.6854914814426946,-0.12972177884406333
-0.23689536237445963,2.0795497313252205,-0.47348513531910064,0.848960768407644,-0.20496343312767848
-2.8918021655288224,2.056088437941698,0.4519896099125065,-0.8570863902349007,-0.21865881807027593
3.07726326516441,2.998491158983112,0.9877311629549134,-0.1423186031077375,0.00916791863134653
-0.024422292389867588,0.5966448783884655,0.826978723828904,0.5617026442370215,-0.013720794237294255
-3.0132788232072283,-1.5839687444122068,0.013063750288126081,0.9916930273443608,0.1279509162374337
-0.046309580169632686,-0.3855431474828924,0.9256009130057619,-0.37565929412112997,0.017409071009565742
2.7604531684593847,2.4803503422242463,0.7325958842729764,-0.5700309811824015,0.22843113234621135
1.6752343302820856,-1.3730793313836895,-0.02047762138651253,0.10221724340589605,-0.9751750469850871
1.790461894343968,-1.9367259601580378,0.07796959939000005,0.2034761980781966,-0.9113528680432201
1.2540092801857885,-0.2658617210058553,0.30057046192498615,-0.08184772827901388,-0.24966714499575945
0.4956339068560303,-2.3628939571979504,-0.626171993085405,-0.617837666725015,-0.3340319610893585
-0.46811244517644146,2.3831289891040224,-0.6478030622274424,0.6138138238259677,-0.31034032224222946
2.423649443873186,-1.2928964066048814,-0.20661956186195263,0.7242643684656742,-0.6325981928000225
0.554014988513016,2.700974660586646,-0.7691940701140939,0.36270247085471263,0.22438337725310284
3.071803279120886,-0.6298913108550417,-0.8061244079304685,0.5876229951744303,-0.04107655147973563
-0.9077223798304604,-0.852445927468017,0.4051152529496372,-0.4634371706328284,0.5933573929176832
-0.5395282543452941,-0.7533702135917223,0.6257787846726286,-0.5869250800149436,0.3514440194045339
-1.3731295700282016,1.9687166142927481,-0.07609843242627073,0.18103850815614034,-0.9039177451365386
1.6389194083154461,1.2359387469892877,-0.02237029408930617,-0.06428957732138849,0.9422664741109056
0.8282033153960282,-3.06637661095744,-0.6742886153409163,-0.05081318179604938,-0.05536075093930977
-2.2894157144014744,-0.05167149300772081,-0.6574674137667008,0.03400258992221253,0.03887662170376487
2.9944457601203474,-1.8242952562876005,0.24808238289558282,0.9575796286943807,-0.14193072050046565
-1.028248962642438,-0.0695599559969938,0.5150705932447914,-0.035886185963739936,0.05952285436682632
-1.4672733879990034,1.4778277613106618,0.009593364145157225,0.10289186652769823,-0.9903509389738733
-1.234799613552386,-0.7836990991328397,0.2335361817302311,-0.23274394107392524,0.6664316895966866
1.958797681724425,1.9363004139108357,0.13522600704135473,-0.35334741489232846,0.864520940102452
-2.4508147738179775,-0.6248457611515867,-0.6251198858857493,0.4508676806735874,0.3727073792337035
-2.9448687391966373,0.5651145015587349,-0.8282381944002227,-0.5251836474664122,-0.10466993201050231
1.4077886549327723,-0.7324561693506004,0.120665741223249,-0.10852079977762139,-0.6598333974126026
-0.4146904657468925,-2.626720891011121,-0.7965854504690129,-0.45068597770187946,0.19840059897480058
2.8556582785481925,0.1969110234747402,-0.940858712919981,-0.1876976730065984,0.0551813248314894
2.8167525309695756,2.079358693552426,0.4614568919744481,-0.8277657708497438,0.27876646082259854
2.224414736211503,2.754330713356519,0.5630338444253187,-0.22963774867149778,0.2998156993983701
-1.2437497504322486,-1.5316107495773306,0.0125850495661236,-0.3210009475993747,0.946268285396541
1.376556779487693,-0.5705374851619489,0.16244808760634805,-0.1042473432552485,-0.5299280489007794
0.8860041142746427,2.0382823111342283,-0.28503742099843915,0.5646460874942292,0.6914443476777388
-1.138059433216911,2.7032203556916903,-0.37970416415866876,0.17800287877299542,-0.38533953865084325
2.1301272055859575,-2.109333104905831,0.2721441809273803,0.45551535714819613,-0.7276396295511728
2.047025489038589,-0.16866235443192798,-0.45192613553329797,0.07695401704528611,-0.1491856104440425
-2.4414251032174774,-0.48174071239979227,-0.6776996463970768,0.35431856215250757,0.2985399057540537
2.547417652449003,2.0584205681951824,0.3882275758428749,-0.7320347911927181,0.4945768370591259
-1.1861532004321897,1.036395089684649,0.19111350531012677,0.3229116789793665,-0.7976936911770153
-1.4054973664974444,-1.5309515143909693,0.006554618571483163,-0.16441662251804792,0.9855863255717134
-0.31540460645269014,-1.8637337873292492,-0.2745212480252214,-0.9101721455388985,0.2969865038578149
-0.4652777765818586,-1.3023860018522448,0.23700755855422445,-0.8616969832646357,0.43260581366219336
1.848385912647093,-1.0284769487081218,-0.1414377352349284,0.23471761843124594,-0.8237255003318499
-2.7905052411451483,-2.409562830504533,0.6984457361353328,0.627609124486968,0.2298689277046634
-1.417303971706404,0.3254473552213734,0.14486480084809278,0.048884044170248706,-0.3159736437284462
-0.4577939677814408,-1.3309985001835871,0.2130501490977839,-0.8713620838305041,0.429323774621562
1.092184484613615,1.8667601452791578,-0.13432414132037088,0.4405235197633293,0.8490420281004057
2.357998003511956,1.5706132805221917,-0.00012966648395841635,-0.7083808951372176,0.7058303435661128
1.9156741336352952,-1.5656973381838406,-0.0017238671747770674,0.33807728674119636,-0.9411045365580715
2.75035553546957,-3.1124762601257947,0.9240461891090408,0.026912498003157204,-0.011101453892037115
-0.4078384729064837,-3.0893866383913813,-0.9167296056632647,-0.047902326388339536,0.02069685943441361
-3.1303611438458723,2.5324970775060427,0.8201140674715289,-0.57208983108287,-0.006425702708446297
0.34218893150618185,-0.011400753536434848,0.9419612070952321,-0.010739532865077062,-0.0038254390310363136
-1.6475425040833616,1.578555836737867,0.0005949223352219986,-0.07666855245450639,-0.9970264411129628
2.5094317321779314,-2.388061577481652,0.588346380651843,0.5519947250906581,-0.40429729909878526
1.6925401449124258,-2.264461533951818,0.07764595036504017,0.09337870213466443,-0.7632166282939207
-2.111926737023911,2.670585484956837,0.45901629494077884,-0.2337465175037111,-0.38895050835729983
0.32844396381570556,-2.941167667649904,-0.9275975290517927,-0.18844377821130467,-0.06421922693336841
-2.3878618436273715,-0.8830717288026545,-0.4628444124446114,0.563401487767939,0.5288027053237805
1.398876036400638,1.3880910974962863,0.03108262714637632,0.1682272404479585,0.968859215963751
-0.5886816698323337,0.7769105576466204,0.5930520831897171,0.5830693881091386,-0.389285101849071
-0.5998564471098566,-2.7730833189307087,-0.7700026096218301,-0.29733591752313465,0.20335579065409062
1.163474240658702,2.5629027179032504,-0.3316504255487841,0.2166664435132128,0.502180747604521
0.38170620279174994,-2.6751553301349316,-0.8288946029203098,-0.4173418204781203,-0.1675178627968184
1.1915493055368138,1.0113181643779232,0.19649262582539795,0.31377429879469776,0.7873096595784824
2.713752458660751,2.3861077722629473,0.6623256402244461,-0.6238407040626214,0.2844773014659917
-1.4053212497146013,-2.7594191519216125,-0.1528373504833875,-0.061430704421727024,0.3678437910002782
-0.7162139678912083,2.3918937725545826,-0.5520653602003829,0.5139917122063147,-0.44737407247593747
-1.5290181782083034,2.78971358326703,-0.039206856942016664,0.014395166365424546,-0.34436160298904167
1.7387726931549445,1.162619015032072,-0.06636292810164979,-0.15345238941351402,0.9049272618898382
-2.9928259235304835,1.5395753067600801,-0.030871156256312853,-0.988472669864759,-0.14814636516344784
0.055286911533930276,1.069150575336067,0.4801344360587575,0.8754526793660681,0.04845045013505567
1.6334123766086905,-1.3750743215797019,-0.012169288333830635,0.06138042561540828,-0.9789851853882531
1.7114005918478876,-1.5198975469193499,-0.007129948903538588,0.13995995001914543,-0.9888492114790794
-2.712828770471979,2.348384373782421,0.6380574807376214,-0.6481027460784584,-0.2962644584468378
0.058790441947367426,0.8503890747508255,0.6585510700882241,0.7502387301565382,0.04415775262157532
-3.095276787017708,2.401532424975174,0.7376360646776212,-0.6736092413669927,-0.031221123701539535
-2.252598148531862,0.6225406896640129,-0.5119685826024798,-0.36746625786697934,-0.45274213078759706
-0.492092518003952,-3.0265382332268236,-0.8755191482558999,-0.10117919647978565,0.05424004240558498
-1.7885005960854325,3.0363438547454384,0.21479346953261058,-0.022690600208004157,-0.10257487226957897
-1.2264886356801714,0.6725257406146835,0.26404488220626793,0.21027834440937113,-0.5864015963917046
0.9392189133368745,0.838886937031112,0.3945715943530843,0.43921225086565235,0.6003993737678581
-2.995288469073222,-1.5696462881361046,-0.0011377521075432511,0.98931596538288,0.14578270833746557
2.6506097532529926,-0.283153094383009,-0.8467531676858527,0.24638082847942808,-0.13172784198087026
1.6104947152888598,1.5908367236296563,0.0007953092729982929,-0.03967999269985429,0.9990114786311046
2.2636809463859042,-0.7880307026211769,-0.450480414574057,0.45285849517988147,-0.5454830065220788
-0.48736283034481853,2.900538831696925,-0.8580241699966596,0.21093144739160505,-0.1117948156208773
2.3853590031740666,-3.0797171772553735,0.726033525244292,0.04498108935138111,-0.042431034296390925
-2.714943010663374,2.0160083642154385,0.39204470062242425,-0.8216151090832131,-0.37348337209407934
-0.21350562353027258,2.578281506632928,-0.8262940064426654,0.5218639869540787,-0.1131453742308438
-1.9769898489226054,0.9883229959995536,-0.21734949458118338,-0.3299627476921749,-0.7671534128342563
1.74315178144002,1.2271688933621507,-0.05778028897062498,-0.16147707827240465,0.9275884843342198
1.7193133349527483,-1.037914038562341,-0.07517226543059552,0.1274548295298927,-0.8518643554044538
0.6351394279158747,2.9620871076234097,-0.7920544961631291,0.14372521730952426,0.10592778434240827
-2.0573690608938815,0.23401614818305969,-0.4548537692815257,-0.10842972379880529,-0.2049735134063128
-0.91571183165823,-2.097298295513641,-0.30614357944642456,-0.5267188360666826,0.6856010710408712
1.9627958794609672,-0.976407915314443,-0.2139415791806087,0.316514319675054,-0.7656476096846131
0.9064063080432726,3.0145000086827873,-0.611606054005831,0.07815186859600076,0.09979000311860158
2.243365213110876,0.4380470256451035,-0.5641751748392162,-0.26425790032430024,0.3317972132797675
-1.9768493382613406,2.0795673529079077,0.19239955717749768,-0.34495889696641147,-0.8023295844000443
-0.9422600669286781,-0.8909583154690128,0.36963195396749865,-0.45724261479727,0.6290523997698568
-0.2368916301382911,-2.3365563362143473,-0.6737286795987819,-0.7007238606022577,0.1691720322271382
-0.04690721920448697,-1.5824600327443452,-0.01165061238417444,-0.998832112669005,0.046886830066984915
-2.4628440265527507,3.031988784530574,0.7736884264553091,-0.08514044930845664,-0.06867375675573861
1.8325378858870889,0.551478664003092,-0.22040172816347428,-0.13557826106366566,0.5061020257805525
-1.041852366713109,-0.8349625143609332,0.33870498016395595,-0.37406175847637696,0.6399695443304292
0.5441446656102633,-1.5980710330347303,-0.023332538158939667,-0.8552521849541473,-0.5174939371428
-1.338146773015424,0.920680397051122,0.1395509377034869,0.18352611884411915,-0.7745681825163334
-2.2419927728013325,-0.6855800343386739,-0.48140097287430644,0.39375340944272536,0.49578406524729807
1.384658750329273,-0.1843718005923384,0.18192803307359873,-0.03392770748109225,-0.18016225811791786
-2.9730799288771284,-1.7355355564716883,0.16167215501696394,0.9724882251603134,0.1654456410975443
-1.1130508806701382,-2.7706122445965624,-0.4118635486352365,-0.16021141573942216,0.3252073342162193
-0.7532453151070799,1.7448052429309493,-0.12629517696593046,0.7184568332771574,-0.6736802303070228
-2.53193343906559,0.8565641892953574,-0.5370279678262773,-0.6194706017377906,-0.4326455334673728
2.737762796741566,0.9377810869206804,-0.5439935724108074,-0.7413951608083363,0.31680928960332116
1.0901166612612203,-0.8648402843474698,0.2999756705117707,-0.3518687896113499,-0.6747567378807204
-2.208586647520146,0.6042308518752909,-0.48999585320240596,-0.338276452128947,-0.45644268332229415
-1.50712619737822,1.6117120691666857,-0.0026026245154959367,0.06357386798133378,-0.997138505589318
-1.6148897317573883,1.9060790171679916,0.014503622642827224,-0.04162467549464315,-0.9433994964707039
2.460819335072154,-0.31576901931519075,-0.7386654096245322,0.24132223258001995,-0.19545681693422726
2.1415707644501465,1.8755322474083385,0.16210746536433038,-0.5153909660254258,0.8027125178929121
-3.1255864659640826,-0.32977345232168387,-0.9459945365347827,0.3237872151312193,0.005183041552123127
2.0066172025378877,-1.5435152911739718,-0.011515388530020081,0.4219976013167604,-0.9061864897461687
1.0284814325715153,-1.1068124741640077,0.23097114104338576,-0.4615542301575819,-0.7659625512412379
-0.7569227022711948,-0.5987601333522247,0.6004883290214305,-0.4097240991331535,0.3870300238993859
-2.588405305700956,0.6149934048350255,-0.6949583621822722,-0.4909030033873963,-0.3031322514157567
-2.7990426146868046,-0.0840038878330433,-0.9385798149792947,0.07903033757328111,0.02818289799104253
-0.7661395811979417,1.6096962882172723,-0.0280239588046592,0.720047552853448,-0.6928340910652842
0.12450476148450454,-2.450766078976422,-0.764753688599308,-0.6322422739282456,-0.07912645454687671
-0.5215833721251761,2.544147461044272,-0.7168402508899899,0.48773292862119255,-0.28028362095517845
2.640840370898731,-0.08171148266847723,-0.8742947770937636,0.07159934419913049,-0.03918486692556198
-3.0176957329813727,1.427805276389833,-0.14141191826569102,-0.9822070083533392,-0.12231894868930566
0.426289134216291,2.9133351145538233,-0.8868898676745641,0.206029945764643,0.0935658728914407
-2.1735133878256017,1.6968023514682746,0.07124178377545486,-0.5623884784497308,-0.817267113752249
2.5351612773095256,1.6712609265026515,0.08241167442978045,-0.8175439294162854,0.5670649867037016
0.9170442162022311,-2.802622650738868,-0.5735628840365559,-0.20222589499234814,-0.26395359133204427
-2.5056924936794536,2.4275728548804687,0.6080174985576943,-0.5268730158220961,-0.3889327139218964
-1.6970606393507015,1.1699496679738544,-0.04913727910131016,-0.11594680391564528,-0.9134012471758675
1.1784226056356952,-2.767717394380635,-0.35596742876497656,-0.13965603922330344,-0.3374700218045391
-0.27152621107041797,-1.9873473483041195,-0.38978502975857454,-0.880985411092453,0.24526805001679763
-1.276732067228378,1.5185785164893648,0.015128162952513515,0.2894493349701052,-0.9557692504828421
0.8129267577101961,-3.0335380933297467,-0.6833667464109001,-0.07412962536299987,-0.07832761950685233
-0.5753384625542913,2.5952925425124254,-0.7168926989482856,0.43588943030380595,-0.28268571774887674
-1.9677912953013352,-2.8231578379340343,0.367210626392043,0.1210521702214783,0.2887312568601651
2.1753955419799897,0.498033166750551,-0.49938138616596256,-0.27153932790740953,0.3930169229727907
0.1896037298925748,-2.8822638976363986,-0.9492405580302928,-0.25183629529769563,-0.048329636970246066
0.800578732424337,0.8877384819162741,0.4394767176994165,0.5400758999473229,0.5567272753803039
0.24132213640722167,0.711635602365351,0.7353504790062808,0.6341490751869296,0.15607580095484916
2.8086924005392384,-2.3720992971743535,0.6788295815638492,0.6575725708377451,-0.22736795988303654
-2.621017905256245,1.1571749367784707,-0.34868595118960843,-0.7943754802066296,-0.4554355191503755
-2.6699306958609523,-0.8125079291313805,-0.6125950592192397,0.6467438070260899,0.3298771484502192
0.35106442303861884,1.7250046553795055,-0.14422950514957633,0.9278644067390424,0.33981662243387967
-2.1483629641053197,2.675259390378976,0.48768800468924384,-0.24548340940510602,-0.37668386795352354
0.6730104140451482,-2.404315311338464,-0.5788779261592699,-0.5256844144458306,-0.41905766549845264
-0.4031979625882168,-2.018874517725472,-0.39849359813808993,-0.8290084555936138,0.3536284348321035
1.3830591109066748,0.2907982019944116,0.17880048286519717,0.053511815443123806,0.2816791209803514
0.6525020760225111,0.8360073593819568,0.5327020803480348,0.5895467305423845,0.4505080200974648
1.1742380505911432,-1.4546584111340641,0.04475703342936048,-0.38364408510292175,-0.9161821509636805
1.8629504115427555,1.8876880604656578,0.08974988787695334,-0.2736749902146828,0.9099441520891272
0.2449441081327277,2.7418435281779745,-0.8936628851493921,0.3775703622039563,0.0943787282952308
-1.7254642889782164,-0.15137303918062345,-0.15229044266896063,0.023230370780559593,0.14899552562815935
2.559529294087929,2.760539397158259,0.7754147503593235,-0.31065791543924615,0.20445065103008028
1.2302288203787402,1.4782373867232477,0.030872601784840935,0.3325922691679822,0.9385305869114302
0.0470167048837494,1.01881540207174,0.523795512009316,0.850546482830177,0.04001938587828061
-1.1384178466155535,2.2311907600897083,-0.25704587207040014,0.3309303298698386,-0.7170709243434975
-2.654188321919022,-1.7792185391888802,0.18282139258740118,0.8644301850972584,0.4581986583524135
-2.7716662313014946,0.09071307045708782,-0.9285204741628489,-0.08446074229336717,-0.03275206143246917
-2.8791095556829087,-2.0194685684548626,0.41891237848487345,0.8701625487604512,0.23379712278615566
-2.8160457098995253,-3.0990594478717273,0.9466190430983393,0.04028703950027141,0.013599168515565585
-2.736717703415931,0.9153930228857721,-0.5602036662101809,-0.7287054480672056,-0.3122878130146787
2.2368609044336907,1.7426883010258354,0.10568918866784788,-0.6087905231019312,0.7746722594862085
-0.29952420673749824,-1.1820776103639064,0.36212867583691033,-0.884194037412964,0.2730523859815882
-1.4807659261834536,-1.1685424983136676,0.03519870012649583,-0.08273239168007324,0.9164542404517441
-2.5857332831131448,-1.307238400464124,-0.2212956812619507,0.8201151838662114,0.5094524918841855
-1.149574608758745,2.974644134347572,-0.40319085567433327,0.06794453808814215,-0.15164881245146633
-2.153114092768108,2.084191530178061,0.27010660275574805,-0.47906130207713155,-0.727519177509088
0.08155297533000869,-0.8686733598443603,0.6436934544645522,-0.7609353327284305,-0.06219448443832518
-2.7687078418045834,0.19083036882176846,-0.9143748132395212,-0.1766398928187546,-0.06909899748850107
1.2093592183707367,0.6823475759310595,0.2744416259877006,0.22299795516024631,0.5898723041088413
2.0402111518869503,-3.017745344913312,0.44889969800933943,0.055881015947153764,-0.1101689994848965
-0.6711122430641067,1.9221500334941921,-0.26952933918885197,0.735287226665633,-0.5838666848021444
-2.3578968993322893,-0.8881557283792858,-0.44683288549173383,0.549584186721015,0.5477161308264933
0.4972808087493008,-1.5968853430655596,-0.022926591002675696,-0.8785838825256266,-0.47687511887741546
1.8972966738678834,-1.3436174652260395,-0.07223799687441931,0.3124892843588117,-0.9228336777778203
0.2997501204312748,1.8690175060853194,-0.2807190067394144,0.9132391186256477,0.2822479472845756
2.745948649578753,2.177972704103096,0.5264749287629618,-0.7578186096067852,0.31651656579525655
1.782503095572127,-2.771386968622518,0.19589325648200026,0.07602613528913282,-0.3537293732688967
2.875810671333852,0.12681040916662886,-0.9571396691394645,-0.12203009248683624,0.03321931328535143
2.463794566047328,-0.5797114289119781,-0.6516902410581874,0.4266981526448134,-0.3435031182169425
2.757118922461083,0.8429513181607249,-0.6166954049021535,-0.6921042318790904,0.2800319263087308
-2.523685306202289,-2.262674386646681,0.5200164351788171,0.6276613884876499,0.446113161437577
2.2920855123530033,-1.7112529474825053,0.09244633314623149,0.6538502965132665,-0.7435597614407101
-3.022224474666106,-0.8505848625108716,-0.654850373822171,0.7463174747145336,0.08951210783535268
0.34938548173381534,-0.796374573255993,0.65705324337484,-0.6716380897626378,-0.2446994168833065
-2.5184448996374615,-0.44883470462245184,-0.7316150916393676,0.3523594841376051,0.25323081861113234
2.8609192551231635,0.35835332316671287,-0.8998305233867703,-0.33700816106477405,0.09715390809140476
-2.1872242021676946,1.2050621801049353,-0.20675743234060778,-0.5398878927913715,-0.7619831250118839
-1.8045527083937305,-2.863794833672629,0.22275293767588042,0.0635228022732629,0.2667801398915181
-2.525328336752858,-2.8501717972942386,0.7816361835997077,0.23446023667381166,0.16606451562847235
2.532843734887165,-1.0714098958625085,-0.39286168568052654,0.7201783943036782,-0.5020063050841826
1.0848701966645287,0.07095628210706706,0.46585228313952604,0.03311073325675832,0.0626899455031461
-1.2494540437002097,-1.171457461002134,0.12280169631009642,-0.29098954272923316,0.8741581119446902
1.3391268265959415,-2.2888268017682196,-0.15105626202012926,-0.17291450060749616,-0.7329833701469707
0.8155665434422175,-0.5769304391422414,0.5745087043787975,-0.373884567754457,-0.3971525685159006
0.8208269862159763,0.02379806752335586,0.6814233196274504,0.016219620271363113,0.017411634830762825
-0.5708737014849463,0.35186143495124667,0.789877170131595,0.2899950263035319,-0.18623535581478853
2.4907894916323823,-0.5718551067116092,-0.6690166886494894,0.43057173516163044,-0.32786853195649424
-1.5217982742301555,2.1297893331317197,-0.025974875508861007,0.041523418904107975,-0.8467720955794306
-3.0387221687484804,1.4520336789826966,-0.11785729768194775,-0.9877067361914091,-0.10196580365896155
0.013942134211361524,0.5864677049469352,0.8328197728357561,0.5533686433671827,0.007715639830675596
-0.426579997758115,-0.5013720819538408,0.7983393784290224,-0.43755815937524295,0.19886499719969594
2.5213283532487285,1.6998600058688778,0.10473099992544128,-0.8069569791280583,0.5764158962352357
-3.0171281490402975,1.6624609006567532,0.09082816262466879,-0.9880985080233747,-0.12362221240727893
0.6034374180579872,1.1439428764980346,0.34089050190671283,0.7495094920378939,0.5165581955246278
-2.762927715733652,2.8233843749550847,0.8825129135697195,-0.2907016041602264,-0.11566013916873072
2.4297252588115175,2.495851630149939,0.6046955782602969,-0.4556416024472308,0.39311886981701877
1.5358692343381084,0.6887780120764907,0.026959046457874655,0.022194946019037494,0.6352066120104726
-0.8968756193968561,-0.40907574954349457,0.5725628977360785,-0.24822479634489855,0.31080326274574904
0.7267835169879036,0.9275976594330441,0.44820847543711734,0.5979879992024769,0.5316960324795164
1.7136808692288357,2.771813583724274,0.13277371527996593,-0.051464289269021954,0.35772645009257387
-2.6398806664484784,-1.439776696553997,-0.11454446532608666,0.8692459664190535,0.476805313839018
1.8699861320018016,2.5382733288693595,0.24271069298743328,-0.1672327229523762,0.5421734493707541
-1.919927863028128,-2.1260476892287086,0.18033082227458447,0.2906902102304466,0.7985015885769048
0.7821575234203598,1.706883842987942,-0.09624203415439908,0.7028357476329051,0.6982951708705932
2.347187130791108,0.028524144984205482,-0.7004239794051634,-0.019984415385271286,0.02034771116965539
1.8340877558253732,-2.7773981827476306,0.24318976496790373,0.09270374191050205,-0.3439216711503569
0.8014712739048405,-0.5738285720910028,0.5842273413212491,-0.3776348385316614,-0.3899737589290143
1.7199216678726956,1.9554754325296955,0.0557538478059448,-0.1377153422738657,0.9166314042039486
-0.47506353090010695,-2.377949368470636,-0.6423340583072235,-0.6149770913649532,0.316314973074423
3.0383423888892787,-2.546042081307601,0.82343105003956,0.5579771660050683,-0.05781689083298201
-0.964833968561988,-2.0465710197343894,-0.26087095020182155,-0.506297709732219,0.7306665982231544
1.7713038132109715,-2.2560582993027083,0.1260477824009349,0.1542054514199193,-0.7587416006800259
0.17574955741982537,-2.729368346246595,-0.9021180670656825,-0.3944766155606705,-0.07005183166201776
-0.11294779447860423,0.4490005116033308,0.8951411378897872,0.4312995427107487,-0.04892254756756735
1.4668893144886461,0.4819712560368431,0.09190464249989887,0.04807706083005336,0.46102674969754226
2.3766593796802487,2.329269410515345,0.4962085801468984,-0.5236756830313042,0.5026687254010974
2.5408709654643538,2.290103080125347,0.5435147433186567,-0.6205624634138325,0.4252074148789639
-0.3072073905239274,-1.6324465963555366,-0.058726695276664256,-0.9513709330756265,0.3018234662355146
0.6286082144417816,-1.0326581281545792,0.4145648406676323,-0.6945278673748286,-0.5049114934426818
2.965726616167628,-0.13329118022035158,-0.9758420786688006,0.130846960948206,-0.02325174898945501
0.8361822436424587,-2.188505499872679,-0.3882175786255276,-0.5464341697849175,-0.6049568213415917
0.4764298095638318,0.40596516675973243,0.8164109057039041,0.35092814211816037,0.18110748842772634
-1.9125843910049523,0.1859884234790654,-0.32939186753757965,-0.06197938497856775,-0.17422176342520587
1.3667955405897634,1.808935201738616,-0.04778956264527966,0.1968714461233363,0.9516277893919258
-2.3134791579510643,0.3192555462356725,-0.6420944647732114,-0.2122529293738052,-0.23120699671621048
-0.6383310408128043,3.0044220819621565,-0.7955477852194253,0.10981536335136952,-0.08147782731648215
0.3449091060093969,2.4442544772263313,-0.721408967104949,0.6043591322315301,0.21712805233503074
1.8403061382497907,1.236835271375722,-0.08727644441663243,-0.25154853235323366,0.9106472930348563
2.968395054924671,1.2603774006349935,-0.3008875406808364,-0.9379595037759824,0.164096447166097
1.4055370126686557,1.8500195793610028,-0.0453399289797722,0.15813668651649865,0.9481732067795388
-1.099080580270623,-1.4015284325496917,0.07655114684854492,-0.44792098398428126,0.8780590910105854
-2.0944537984613403,-2.887723853176576,0.4840232103831744,0.12558807992392587,0.21749545214462473
-0.9015303366871585,1.2977841567611568,0.16728330465486815,0.5974323964247731,-0.755230054097798
-1.0883336881953183,2.3751624218304,-0.33423419735584714,0.3217892960583959,-0.614400737734904
-1.92165417693401,0.8855080821102307,-0.21752865567105967,-0.26610786372007134,-0.7270687694567363
1.009568364694833,1.6047974890044592,-0.018092822573529503,0.5319185762054008,0.8461128734947805
0.34988472770559703,-3.0757169470038273,-0.9373746294914336,-0.06183969530400298,-0.0225651730040426
-3.0061440556282335,-2.614090723080694,0.8561531170411074,0.4987659162890373,0.06797334032946249
0.5457420513584653,1.7268994295207292,-0.13288669540193535,0.8443492360954719,0.5127411460712827
1.1111114778956535,-2.5052475977923203,-0.3568283874142064,-0.26365270541778296,-0.5325711341036049
-1.485609587193687,2.199929888228744,-0.05006705690675508,0.06879341371506643,-0.805605746140509
2.0884254118241934,2.4608683287890956,0.3845340121545076,-0.3114187390449566,0.5469071558663042
-0.8418313315838512,1.0631156903815877,0.3238247001012468,0.5820860197250667,-0.6517916592609496
1.8663295468000871,-2.098604447898635,0.14668542690924152,0.25161467566433054,-0.8264598227788189
2.0220907401120907,-0.7195584190530339,-0.32801253098988364,0.28743309576278797,-0.5930704658500477
0.6863763894672923,2.6463961353192347,-0.6806253781402002,0.36759331312225696,0.30115534433631574
-2.2407685568887983,2.246007063518314,0.38814102961854263,-0.48470929826498843,-0.6118452494369812
1.9219131043367377,-2.374098109112665,0.24752209377165246,0.23881398745539228,-0.6519724580907943
0.22980534131894542,-3.010126270610937,-0.9653083456601871,-0.127641807254161,-0.02986027436820575
-0.6802647484556568,-1.8765143239414865,-0.23398213581683808,-0.7413587459976166,0.5998328759333073
-2.692142502084339,2.8428219226517086,0.8607848720578294,-0.2651130160393611,-0.12788444633083182
-2.763513614924518,-2.2725079988772166,0.5999359227148594,0.709799695337509,0.2819232208940792
-0.6788888376662537,1.3212327550799148,0.19221819079718047,0.7541603325213219,-0.6084755882389391
-2.4078942887325296,1.2919912257946566,-0.20439712515409947,-0.7140234859386929,-0.6437635595392909
-1.6213379751171535,-0.2353417257040762,-0.049127531498986764,0.01178004749747142,0.23287755016352193
3.0187244861789027,2.3817790813098747,0.7194990689329083,-0.683593680094791,0.08441713440708189
-0.9067259505434162,1.66377579774127,-0.05722325489728618,0.6136651174686424,-0.7840885319546337
-2.7457654319532505,-0.2317672114325804,-0.8980073556073526,0.21193712778693957,0.08856495944122897
0.8716965219085889,0.8014743197307836,0.44766982451643833,0.4622999004411144,0.5498656096575233
2.1007538969098314,-2.3583131812114813,0.3581966694834711,0.35668206007310166,-0.6088178901306964
1.397361249246809,1.48064968475272,0.015535265981424356,0.1718662037485699,0.9809982568714227
2.2498404088220623,-0.891221134828464,-0.3947056149290429,0.48852182962138757,-0.6052942440320767
2.6383284360105113,0.6726515205370597,-0.6851931046302026,-0.5458104803573537,0.3004951348046377
-1.6607577733939691,-1.4683245499838544,-0.009189977083674623,0.08936888267498963,0.9907317697559332
2.3209624117799317,2.4906978820053616,0.5423689150992445,-0.4130775108721411,0.44326057109481376
0.5810245257742356,3.0063763932942122,-0.8282708127826913,0.1126832661492905,0.07399163357202497
1.6229343630401845,-2.5545744963970467,0.0433902537986003,0.028865176323552618,-0.5531281613758752
-2.6719372541036206,-3.001607933940951,0.8830015674646736,0.12442049368072011,0.06314743866462469
2.839688887555462,2.039727173270854,0.43149285742166915,-0.8517063963613593,0.26524131590600575
2.574802494116453,2.7071583003010065,0.7652626293399595,-0.35508112623500315,0.2259911202472753
2.953891348878913,0.37779122956622885,-0.913156017692874,-0.3623894703442194,0.06883123034512856
0.4485329316099267,2.3186229257165425,-0.6127795539945704,0.6606466960161657,0.31793420638607794
-0.24210519964747804,-2.914922710328733,-0.9460016095157071,-0.21817962934605997,0.05387926927948768
-2.332459344015026,1.6082749008402721,0.02585888015030207,-0.6896412729664744,-0.7231811174664416
-0.27177000677526025,2.5206980480941743,-0.7835058628519214,0.5604107369932734,-0.1561666632030503
2.38702817792753,-1.2273726650381547,-0.2453188257168619,0.6860268380124306,-0.6449741582757568
-1.5355876644972295,-1.8516872658685237,-0.009758239543397957,-0.03382180513375328,0.960213369094582
-2.052555855077613,-0.9689288784374477,-0.26233464002371837,0.3819210742382793,0.7304610706983226
-1.4971503155472992,3.0600085352073534,-0.07333472108108421,0.005996258107977929,-0.08127274484814423
-2.0451932221630376,1.9664333593787826,0.17604971509963002,-0.42151463808553546,-0.8208503298529962
2.4694207837210125,1.2620119083719041,-0.23779357684574962,-0.7454631208788616,0.5932360879651409
1.040107551634542,0.08150696603085952,0.5044472317984858,0.04120725572212755,0.07021858079442415
-3.1284217495224746,2.4580956896511035,0.7753018506145695,-0.63145354362009,-0.008317294992795727
2.6422082434052423,2.075008257972609,0.4241180763718458,-0.7686304744922084,0.41929057412952564
-3.117987397079807,-0.700728011830511,-0.7641600390097265,0.6445947022212465,0.015218650047788076
-1.1924431716977566,-0.2741732291787318,0.3555936309772851,-0.10001292588228425,0.2516020548745703
3.123273739890085,-1.8433892693012626,0.26918436663706735,0.9629144467168121,-0.017641520089479657
1.5981296618810075,0.5432303634577991,-0.0233956066467502,-0.01412695143009163,0.5167109346802297
1.9114829661708717,1.446907751329407,-0.04128961724688873,-0.3315734136673817,0.9353015855570169
-1.153628734082393,0.7718359361740204,0.29035939426684804,0.2825884687103061,-0.6376387638027454
1.6408424300795241,-0.5362522007702328,-0.060164471721670096,0.03575854774419309,-0.5096649826949825
1.08977319319515,-0.8795387961853582,0.2949656384789819,-0.35647443284977737,-0.6830163870009618
1.0336049772352536,0.21528586049667076,0.4999119799419009,0.10931811441992013,0.18353723379089898
-0.9947906268330666,0.3613089993867351,0.5095112673351467,0.19254331256800022,-0.29646016522130275
0.8055389930473343,-1.696116650797868,-0.08658516685958362,-0.6872900592765492,-0.715548206926798
1.4747373405998183,1.859525159267,-0.02730920657533438,0.09194122992776303,0.9541873050234504
-1.2247013665700275,-2.059082479226287,-0.15913576018877784,-0.29958422746429864,0.8307720933106479
-2.638235457877321,-2.535863489175912,0.7201221208859228,0.4987426518681776,0.27464244381193587
-1.8238557351905569,1.454808256955606,-0.028974527213419057,-0.24868485945529492,-0.9616458963876896
2.0532240205625167,-0.014050781099314947,-0.4638853697556461,0.006518380753834633,-0.012446773479626815
1.3243865128204326,-1.5799832855595646,-0.002240886337461251,-0.24391350290635064,-0.9697534765408414
-1.6648684698602765,2.592737004237545,0.0801367063368893,-0.0490061448127469,-0.5194045419802142
-3.1018906310197796,2.09072104961364,0.4964233085638447,-0.8671726910673474,-0.03444661048513116
1.5069153332633682,0.9837693369147021,0.03535886669102536,0.053150578311712125,0.8308928379389737
-2.67056616669432,1.1281283997606437,-0.3817055092762359,-0.8052113685447633,-0.41006026826056635
-1.4255058914147545,-0.2085890543313111,0.14164157360735416,-0.02998096627328475,0.20489793110318735
-2.2024565021018794,1.7068326815619945,0.0800799569803624,-0.5850301044886117,-0.7995922471530884
-1.679282577516924,0.9870956611475732,-0.05967126137537672,-0.09034659748178532,-0.8295233796174909
-0.4927543367333786,-1.444335102725677,0.11111981034992875,-0.8739976988050409,0.469276733321037
3.054860356043174,-0.8571676874171373,-0.652120797306152,0.7531499306246091,-0.06548671403782812
-2.3252684194081032,2.0125568706990307,0.29281819191067815,-0.6191535761373349,-0.6586846966244088
0.8592633371072534,0.6836055564810212,0.5062678019870087,0.4124271103313096,0.4783439989329616
-1.869813989189945,2.1664766169598035,0.1652814899635697,-0.24384492793673246,-0.7910359379728783
-0.14368235008798694,1.0072657622856167,0.5286697387014222,0.8366632332800104,-0.12104788407170443
0.07082700980187535,0.8681295479192175,0.6446347785301947,0.7612081973358765,0.054004434459619555
-0.9943382959371463,-2.118042871940737,-0.2836142005544143,-0.4654578061333491,0.7159591743351196
1.3362292760633585,0.5999416774326058,0.1918337372347472,0.13122409656578143,0.5491329543584536
2.98277962103933,-2.7870826982960653,0.9260149380275302,0.3427624339673964,-0.05489745297982019
-2.579162072102761,2.7971188944217307,0.796264066679705,-0.2856823874702502,-0.1800772272580349
-1.4211689555717448,-0.32824592094102734,0.14111074087159545,-0.04805754441802077,0.3187810127523177
-0.5769510280855985,-3.1344021559462676,-0.8381080020233448,-0.006026517477452894,0.003922174446155192
-1.3999934842009845,3.1017737049512744,-0.1698388310134152,0.006766380208731223,-0.03922915954348602
1.8040957260444281,2.705019737248944,0.20950468743528375,-0.09775501534129129,0.4113812127328299
2.2849920392951737,2.2721053242520073,0.422624376957988,-0.5004264136484878,0.5772925904788034
-1.1691823927405733,2.915634706255006,-0.3809675520650577,0.08757823806162189,-0.20621348444687584
-2.5740437894155708,-0.010436967860711547,-0.8431752304387007,0.00880051233083464,0.005610465722901205
2.1382219004852296,-1.3873023146355372,-0.09806871559788051,0.5284400089622429,-0.8291304498297433
-1.269336897390995,2.726276634469119,-0.271673128014731,0.11979865035711537,-0.3852838838350461
2.330235547954112,3.084558946220494,0.6873953519809974,-0.03924726966204763,0.04133969196988102
1.2402803174064942,1.1448273224391083,0.13409737167406155,0.2955306473191561,0.8613504491230674
2.4349430961926735,0.44725213761603,-0.6857338642464881,-0.3289263021310852,0.2808108500843808
-1.2729473561626394,-0.5439439449955977,0.2511100861746059,-0.1518722395057299,0.49472854084194506
-3.0365272827730365,-3.043147142531485,0.9896705616214945,0.0977445929375762,0.010307527186911953
-2.64597274859615,0.12731573863656573,-0.8725542421267503,-0.11169403493252082,-0.06038500218338896
0.4331054976401013,2.3385761245005625,-0.6304105361912484,0.6530249111785592,0.3019489781258246
-0.012973255415967024,0.1942395725923807,0.9811121622676828,0.19300422051437913,-0.0025040335314206533
0.031152403074628635,2.83736658552695,-0.9536161571823613,0.2994095296438925,0.009330344827291009
-3.0515199518283214,1.740889274785745,0.16858775302680104,-0.9815737338366314,-0.08865287759802
2.549053342216431,1.0319585896005428,-0.4256615481819204,-0.7119862006215515,0.47933731478719144
-2.0406240128660014,-1.5329092001669673,-0.017148635891378616,0.4524077538871513,0.8910064402411249
-1.7937542247219525,-1.0938813639663945,-0.1015008792540478,0.1964421894780727,0.8664249657067244
0.1522864228476918,-0.7176851202676691,0.7446116808980505,-0.6500315478524045,-0.0997633834987535
-1.2462286146883623,2.866459566528087,-0.3069049999758553,0.08663691913850857,-0.25749050704668464
-0.5938284793999199,0.8628284330881862,0.5389644514249144,0.6296303268718241,-0.4250727067559558
-0.4437962147286215,1.49545560531646,0.06797797711194137,0.9005662232481988,-0.4281529924541726
0.5632295774354031,-1.5879910980031724,-0.014538067702763781,-0.8454101960794267,-0.5338407715276168
0.33542158159942487,-1.0294623349688445,0.48656400810534933,-0.8092616161741708,-0.28210362780380205
-1.893088534698772,2.204299562443442,0.18750209673442766,-0.25528061123352447,-0.764461340428601
2.896577989425968,-0.632493011634563,-0.7824674578898422,0.5735017045516173,-0.14339736340742162
2.4296015831334055,2.1457197971185757,0.41166831860876807,-0.6353525515398564,0.5483071281955761
-2.5970254297798374,-2.688490689317169,0.7690410577782241,0.37443578786998616,0.2267789107316282
0.7229261182116135,-3.01189921235511,-0.743575332520516,-0.09698120828696717,-0.0855624724979807
0.8554798196985862,-1.438284332001743,0.08665471500423175,-0.6501065655726276,-0.7482677075443515
-0.35453069238044593,-2.660825944733912,-0.8314999999088734,-0.433698549257873,0.16054280942684626
-0.051120376620655966,-2.2858598798060656,-0.6548088675041458,-0.754065202600094,0.03858171144775899
-2.024792188958054,0.15653725528856047,-0.4331978583440884,-0.06837097024646988,-0.14010648898973682
0.3864052137741188,3.0590882276696836,-0.9231190147477961,0.07633468591893666,0.031057447408004157
-1.7473461052932426,0.30710440937870903,-0.1674166289186337,-0.05309413274746758,-0.2976007024174488
2.033950238225675,0.5861431470402985,-0.3721969205048988,-0.24713284002169317,0.4948763274562503
2.468534654721561,1.6269896431777593,0.04391550297789849,-0.7806848258368554,0.6223960444677821
-0.9623783188236332,-3.0171104264007407,-0.5671473079377819,-0.07096670180329857,0.10188070039876919
2.8851969263233013,1.0465614558223257,-0.48418791267141476,-0.8374074620418992,0.21953966749349924
2.9004219544161387,0.8498085527349654,-0.6410222503695903,-0.7294149136513908,0.1794053362002582
-0.3675575252173952,1.9523121482753456,-0.3474591442829451,0.8661113910050326,-0.3335013012740053
2.791391109846111,-3.122400598113878,0.939130600981333,0.01802605985705837,-0.006584142927178061
-2.528563052152185,-1.2221082080152945,-0.27945091244733133,0.7686883810764081,0.5407245937064976
1.978396647694772,0.8478462003033953,-0.26226301661152435,-0.2972489299873967,0.6884249285991253
1.0060381003895198,-0.7034001436506205,0.40817770270095177,-0.34618264112364416,-0.5463758938047786
-0.20486987401519968,-2.6168647469342665,-0.8473613183090957,-0.4905008272604089,0.10191874839145496
0.019960057532676136,2.25571195080854,-0.6324816543973659,0.7743181554502049,0.015457487760358391
-0.5525761980913059,-1.5578873810765204,0.010987468625137648,-0.8511042293902072,0.5248380312922548
0.24254084752525265,-0.039364556964668715,0.9699788641382447,-0.03820252276397492,-0.009451739389640256
-2.6513711503977113,0.18999094857962917,-0.8663537216003026,-0.16660887524464288,-0.08891460858852784
-0.21544399619847193,2.8714917701403935,-0.9414637372492839,0.2606600047342402,-0.05704294690218105
0.401624396985636,-2.7125549088970478,-0.837005637380462,-0.38289399351605996,-0.16261864033351292
-1.097713246410113,1.2458039058341202,0.1454843172989767,0.4317819563278287,-0.8435702864314383
-2.215438010106241,-2.4117426091739853,0.4478443786541588,0.40066285995870965,0.5329496684652393
0.973352337256575,0.9637218455767912,0.3209054743832797,0.4620182629948727,0.679048152790134
2.5725303136686244,-0.7181228698479462,-0.6343676785198465,0.5542801837816961,-0.3545433557021699
-1.5153076986318497,-0.9666010858466686,0.03150691429165364,-0.04564146633104994,0.8216929314856837
2.476873636359674,1.5034938016602344,-0.05293317132474447,-0.785308196321164,0.6154415016509837
-0.7754122046326574,1.0166687240398022,0.37577772390151426,0.6072696247426403,-0.5952608062718557
-0.7074029180259356,1.713706931102178,-0.10825016334267151,0.7523039425491365,-0.6432371243259888
-3.1224992760672783,1.2458859910601339,-0.3191656282867439,-0.9475066168389409,-0.018093300273974294
-2.592248209015807,0.3822001234954224,-0.791329495570969,-0.3180876150861006,-0.1947343824791419
-2.199680498630852,-0.050543375349966085,-0.5874915593205637,0.029719117853092367,0.04085623800278297
0.7124000590945851,2.4751951055352923,-0.5948816693348564,0.46781925522879764,0.4040604017423902
-2.5363906975763992,2.655971684112091,0.727307146096954,-0.3838555042916992,-0.2655515636273022
2.1861973560409846,-1.1438160185967858,-0.23906806144242204,0.5254575317974516,-0.7432332098096709
-2.3463840285208106,-1.5197173185507045,-0.03574669439593645,0.6992226695617568,0.7130784399854259
1.7591367305804624,-1.9934753034390384,0.07680225752757512,0.1707515041074638,-0.8958658797335162
-1.951317585117583,1.2401755997200385,-0.12056911490849191,-0.3512896042825216,-0.8781861119112342
2.941748803877668,3.046042472848206,0.9756269254561288,-0.09350606746934224,0.018939417763755656
-2.216380347308679,-2.2409838611044197,0.373713984668661,0.4715280075620321,0.6259833641533119
-1.598327577795499,3.02181474799975,0.027330542133666313,-0.003289340606842145,-0.1194464243988787
0.26523959494288185,0.9157794340699803,0.5878697028309519,0.765304890219172,0.20788727643309948
-1.7938413635892463,-2.1317471643250765,0.1176766661970653,0.18730123599566462,0.8257743199388344
2.5769338816509917,-2.8841605586568404,0.8169334605749797,0.2150771630675973,-0.13624247200826373
-2.012246069382184,2.13708616627596,0.22922201777921597,-0.3605556891944412,-0.7629955726424114
1.468684071578525,-3.081603552131321,-0.10175153395051505,-0.006111315768082641,-0.05964083602793707
2.4804159537547608,-2.5532255367207988,0.6565528967857767,0.43804770296503265,-0.3407976562838333
0.911733698010292,-2.9787364501631997,-0.6042732364132652,-0.09928898666298411,-0.12818031452928652
-0.0987125725279254,-1.1450566774874045,0.4109840066188882,-0.9062999408949822,0.08975491732088808
-1.6034102022845498,-1.365389589212131,-0.006650921779200909,0.031922610165326853,0.9784574989582256
2.1068966292691456,0.17751907622564664,-0.5027601738491583,-0.0901989991783364,0.1518141205257332
1.2936762927469143,2.3175259236336556,-0.1858316319730299,0.20078915965136382,0.70591341191929
1.157912192199939,-0.395328748484848,0.37030414424395514,-0.15452709554744798,-0.3527496598569848
-2.94077707658789,-1.6170870313053234,0.045344258561186734,0.9788545254814585,0.19925490898762677
-1.9820807001221916,-3.1079664310466373,0.39956092160037876,0.013440790787590317,0.030816259859430088
0.36951222901386915,2.9286627853502663,-0.9114439190852499,0.19706086384139562,0.07632208985368137
1.3321624159193715,-0.16805627390940134,0.23304535384366293,-0.039537656049768714,-0.16252629587355527
-1.4455199192653352,1.6789857289289098,-0.013491799273521595,0.12421843195248207,-0.9863622214015835
0.07546568995478606,1.0380145016141509,0.5064858938030556,0.858945732911872,0.06494426659125337
2.0671064560815045,-1.5996617947172365,0.013743368610385788,0.47598574788120235,-0.8789792852882068
-2.5359564398655934,0.7909731317138325,-0.578090849525673,-0.5845727292932028,-0.40478337042107443
-0.25070765763386643,-1.0117554036168923,0.5137923623105488,-0.8212606047244705,0.2103214360335125
-2.4207933348917554,0.39976015731803693,-0.6920434068537166,-0.29239562789455137,-0.25686461334741184
1.6690761141617283,0.7738614162757893,-0.07017829802894002,-0.06857743717655378,0.6955295907643034
-1.7211421839471939,0.22242378214248285,-0.1460903605793018,-0.033040642043106506,-0.21810589157898455
-0.3306518854088592,1.3763991759105947,0.1827109567522814,0.9280155195383739,-0.3185444795973823
-2.132735982172325,1.301871647497493,-0.14156984702926348,-0.5136772086705338,-0.8158075354170541
-2.274778090617657,-2.3621941026162636,0.4604181683119926,0.45492638983577677,0.5357634845509053
1.4102948078993929,0.2744776717685256,0.1538309929394387,0.04331646765895016,0.2675605369725775
1.497899285443674,1.88732530874416,-0.02267056085009219,0.069214291772491,0.9477976876318344
0.8963920108244636,2.3363646896693453,-0.43269831947570686,0.45020848037830813,0.5631491159524962
-3.0620825863618815,0.408693741545685,-0.9147416609202313,-0.3961554665716674,-0.03156489200956641
0.41951752373453743,2.8016904342651183,-0.861034007758364,0.30448475759202764,0.13579836761516534
-0.38783058740241483,-1.4541256185119025,0.10776090606771858,-0.9194382571825266,0.375610020825013
-0.3306305674561892,-1.8230817935481995,-0.2360978890984437,-0.9158968156772671,0.31436286794662593
-0.20847865326554862,3.1094980783150694,-0.9778430869388881,0.03139423863584911,-0.006641529595396272
2.1232508674898485,1.5708970774254793,0.00005287173532574077,-0.5247782057644903,0.8512389938224827
2.7169032798568113,0.6422052243431591,-0.7296412611852834,-0.545754987746573,0.246795291443626
1.0628799596991592,-0.9536546019014713,0.2814583685395952,-0.39664216642104694,-0.7125824700914513
-2.4400570161157633,-2.974178662292237,0.7531725693487419,0.1272829928248618,0.10754354884386201
1.6572747126478073,0.782545116033005,-0.061247259859022976,-0.0608987705034658,0.702451640946909
0.3856900630152289,-0.6526139398299379,0.7361344987873351,-0.562654970307441,-0.22845233518743094
2.124616755770319,2.9484971297554328,0.5161657680141509,-0.10092681021160359,0.16321319093733436
0.5767410842398525,-1.856360395058677,-0.23613231041110888,-0.8042977175433496,-0.5232122055316686
-2.1273305080229883,-1.742385531432128,0.0901972746768029,0.5204890986636596,0.8366218211374327
2.8680703985776677,0.7619904739566294,-0.6965688541258908,-0.6646989003432832,0.18648386488998303
0.7602975100227565,1.8061953304815423,-0.1690064196084114,0.7046466787288824,0.6701315968035851
1.866295283208768,-2.5476194275005395,0.24133857360386335,0.16298208510264844,-0.5354008510153012
1.3264527611482189,-0.05258312097476267,0.24158506639705662,-0.012715017875721504,-0.05099770084240487
-2.160774773078261,2.2665139703509243,0.3565805872177607,-0.4270455995757064,-0.6378342306628132
1.8678520749890133,-0.7206324037037776,-0.21993608039152263,0.19314509460942322,-0.6309597229495202
-1.1825041026029375,-1.6609830181631566,-0.03409916313026286,-0.37706963574457386,0.921795464638284
1.7612196835282456,2.331338305883014,0.13046967869044515,-0.13712236600594024,0.7113672781243394
-0.60108489436563,-2.8177315618261196,-0.7818483398525377,-0.2624508736036063,0.1799706117497329
-3.054479456898934,2.743076664160669,0.9181430705804345,-0.3865795774003379,-0.0337616283917566
-1.7331485977933154,-2.907287174659373,0.15722330981790195,0.03752755196447482,0.22911444702614434
-2.7990156752728406,0.10591800100569033,-0.9366137182166052,-0.09957690345694929,-0.035513003783714456
1.9346041701867638,1.1709206637335339,-0.13852808708645595,-0.3277633516671434,0.8608215396154888
0.7776898873106566,-0.22917932237521013,0.693905724102092,-0.16187284148678183,-0.15939636072894356
2.2623774792307896,-1.3073241277150724,-0.16609362030766808,0.6157478585166002,-0.7436588257728886
2.6416848580347168,1.2207590229916019,-0.30096704664969004,-0.8244074068906712,0.45027712386023777
1.8523287968696664,-1.437379256421235,-0.03695714444406381,0.27535909171992223,-0.952093808556752
-2.602460752009855,-1.975088237670223,0.3375704654463587,0.7889712501407907,0.47200222130762215
1.3883583391207488,-0.975498433362387,0.10173653297446573,-0.15021872590424085,-0.8142405556927043
0.16169369555357754,-2.839271113405478,-0.9421954562725573,-0.2938535847593627,-0.04793273338448898
-1.094089792338768,-3.07060250139229,-0.4576996504618401,-0.032546860629817084,0.06302256260209517
2.050896732308285,3.1216734250666427,0.4617766063863936,-0.009199450487468824,0.017666162613486157
1.6033813380661623,2.009693105502497,0.013844259148378757,-0.02949141751472033,0.9047404864212966
0.9621769688172543,2.3221499215657744,-0.39028281847739216,0.4178044340407112,0.599547932842089
-2.7508330993307397,2.6124241849997696,0.7981570939943557,-0.46676271648221784,-0.19227967378235192
-1.1876167560939663,-2.3914591884713188,-0.27352348568084445,-0.2548817076948499,0.632297276835609
0.33718364795498207,0.8184911859096012,0.6448457392489745,0.6890029445056688,0.24154463167591578
-2.1702765021845756,2.8271355035525314,0.536546839157262,-0.17451135579116459,-0.2553672913887465
1.9198123497862407,1.0462271742973241,-0.1712739641557005,-0.2959915220148891,0.8133561197663196
-0.8334157792091473,-0.5269755154263376,0.5811347393658374,-0.3381398735215636,0.37227872265623924
1.4266220069611206,1.38325747164395,0.026787046391826608,0.14115617130062474,0.9722728594796352
0.09875451599750856,0.4794306327821895,0.8829347457681195,0.4590266250939302,0.04547889201030768
-1.195356707433089,2.297254452222902,-0.2435594803306293,0.2741060890826632,-0.6954635018488884
-0.24382883977078507,-3.001905337185823,-0.9609684270236534,-0.13511505899138662,0.0336137437576215
-1.9301643251352807,0.25869240882574784,-0.3399805419829637,-0.08996629756341734,-0.2394749337892324
0.9214801249387994,-1.7366834722761062,-0.09984292300723795,-0.5963415316719008,-0.785563321221853
1.2841238740961929,0.001966738412840771,0.2827614991854187,0.0005561186191539848,0.0018864747755218618
2.889018897267827,2.9396954935884514,0.9486048154249289,-0.19416604427031928,0.05011140064535367
-2.597896404410639,0.3032489927737859,-0.8167533032652252,-0.2555618871898846,-0.15447826041571336
-0.7046556041346863,-2.2762908593008166,-0.4939815278424769,-0.5799778789787189,0.4931425995696495
0.43878115946486895,-0.32316936320359996,0.8584076363385336,-0.28748976033699647,-0.1349167604739311
1.0402781309790097,2.0673378613559135,-0.24104277130378723,0.44487585192636947,0.7583800774670016
-0.6966504607435805,-2.3273330411643554,-0.5264712380936758,-0.5577727833561981,0.4666207736939647
-2.007151414252835,2.420394718343037,0.31740827767167473,-0.2790620486624052,-0.5984149125450406
1.8100911232722048,-1.1568108044891583,-0.09534301215324269,0.21699548742710337,-0.8894373268060511
-1.2748574377890747,0.3892428637960848,0.26982254926596455,0.11067314842666594,-0.3629912046314201
2.061473988085884,-1.676316315139195,0.049631296837975916,0.46860272357036514,-0.8771079087992513
3.0385492326741463,-2.724287876867043,0.9093355391191462,0.4031481834278202,-0.04168942453645437
-1.7548444232181282,-1.9316038138936142,0.06460827038159922,0.17122710235446803,0.91981042035934
-1.4575574521627308,1.3457598327502451,0.0252143735101673,0.11014790774273685,-0.9685427789960531
2.7398518737784827,-2.9342063699533116,0.9006601623127061,0.18950925829737164,-0.08051237987858934
-1.0138396900265267,2.7269102251348722,-0.4838029384888822,0.21297467736707923,-0.3420082291951197
-0.9334612445914378,0.45167258367836516,0.5353826124513275,0.25972460073360815,-0.3507849255220782
2.590571592934322,2.2307910164645395,0.5223660869484495,-0.6730685573379489,0.41360801145456993
-0.5994827731141107,-2.301277205125273,-0.5508817350007499,-0.6149716822176641,0.42025797401868076
-0.3568125699933457,-3.0983147286596244,-0.9361375494449214,-0.04053940356436427,0.015111799596527337
-0.3146132098593061,2.8267994451205305,-0.9041885276360608,0.2944225112355399,-0.09581145616418946
-0.43651286932200434,-2.8624416171420375,-0.8711509810386302,-0.24970269914085447,0.11649317439234891
-0.9584185762882336,2.515796870259323,-0.4658857813049575,0.33669339767704964,-0.4793034114938891
1.0573936189703124,3.0441098530667494,-0.48881231121199964,0.04780230917319296,0.08478072935570342
-0.1992611199470334,-1.867573139294244,-0.2866529790811431,-0.9373621483069549,0.1892917642248845
2.3418736606860775,2.9829102779657504,0.688152551006272,-0.11012354407474295,0.11332371291889393
-1.4710888063566294,-1.8533924566395756,-0.02775737060233572,-0.09559401958406183,0.9555650717704814
2.0490460005942017,1.4515999179650727,-0.05472747130910948,-0.4569604122558631,0.8815024432504869
0.4367679908994308,-2.0593721090153227,-0.4253061146154285,-0.8001091444986893,-0.3735214959442879
1.1306157275226085,0.29529427279761317,0.4076596514363784,0.12400504889112549,0.26327970328380196
0.3670139659435087,-0.13300522216278393,0.9251590165110584,-0.12378175863838528,-0.04758565405043486
-0.5361037644404433,0.5645916136962876,0.7262852671790274,0.46000328077354474,-0.2733089814853543
0.8990620276133052,1.520887053053762,0.031047865251953723,0.6215694846581331,0.7817688326500719
2.925374831141111,1.2447990818535417,-0.312796832564966,-0.9252740103215884,0.20323777875509388
1.7821962200232382,2.4262747159833773,0.15839658849103128,-0.1376178052786062,0.6412568458777321
2.2949988981195943,-2.0356398691903568,0.29700464967093665,0.5922375473972767,-0.6695499111311983
0.6790043675628763,2.4075437386728917,-0.5777875529412931,0.521300548887927,0.42069787843617584
1.8076309936244426,-0.5711133119530446,-0.19739147781306307,0.1268319951255643,-0.5254793072257918
-0.5243959757551052,-1.717017675627699,-0.12612252404378863,-0.8563891614620432,0.49534721702325935
-1.6141706047279225,-2.246799940388982,0.027129932620851366,0.03382477257534962,0.779345725045085
2.5646208681117213,-1.1017373374869492,-0.37886897598665303,0.7475965899385537,-0.48657245023564466
-2.1558700547196867,1.3297739854130155,-0.1318222020738051,-0.536297447353296,-0.8095736449822016
2.0813607567419536,-2.8236874224116373,0.46418364370867776,0.1527471479458592,-0.2727140750988688
-2.832512994124772,1.5413709712779302,-0.028026958454885304,-0.9522015429849773,-0.30405035744184583
2.4852262136506327,1.1560510831396396,-0.31922833273757617,-0.7250500495375013,0.558505375616
1.4473044474202246,0.5178130708951715,0.10703003267733824,0.06097089897214377,0.49121159498312145
-2.674985215703354,2.7952577066347075,0.8400701491101464,-0.3031650358433551,-0.15270582939459534
0.14346983840134445,2.2046808636770967,-0.5861939497574549,0.7974546381016372,0.11520219996861292
2.601088529180796,2.2514870369610502,0.5396185790566127,-0.6663566875607362,0.3998907066410909
2.524406651630393,1.4919966338152928,-0.06419547445283903,-0.8129796624949581,0.5769467205049896
-1.4188525283572935,-3.1354200839735236,-0.15135693718283103,-0.0009342730971565871,0.006101415046072926
-1.0261412223875503,-1.2371079572776134,0.16970095690314715,-0.4895438316551847,0.8081279753717866
-1.4902786855100356,-2.9709102418775437,-0.07926193777490546,-0.0136615419623824,0.16930458930958153
-3.075221115775423,1.7632094662408875,0.19080701344291442,-0.9793844839137362,-0.0650988731674057
1.7928458208166709,-0.922144246327619,-0.13304331436588834,0.17550043638741086,-0.7773334692724304
-2.0129097487830747,2.8053685564946784,0.4038940609680971,-0.14115860910214906,-0.29820250670970555
-1.8099783685433624,-2.5884925258032365,0.20158505263502619,0.12445433979907605,0.5103726628601033
-1.1500878763738869,-0.9503281480601672,0.2374545535383862,-0.33228271041303226,0.7426597306276601
-3.0638168666120182,2.662563983698438,0.8847602931522781,-0.45952403406430303,-0.03581208248912786
2.631013947686231,2.6947201119215616,0.786788743003158,-0.3770320336538353,0.2111827055241422
2.2802078981918132,0.9050914455357976,-0.40230576779424226,-0.5123042410691855,0.5967392468625776
-0.07267075019087482,0.966773147809563,0.5664593227441065,0.8208849417874265,-0.059759559095007735
2.9495715560913784,1.239936450730726,-0.31888569861326876,-0.9283807253385413,0.1804925378323619
1.2732354947902804,-2.4437497499814542,-0.22465030052322166,-0.18839345262157814,-0.6143284324882157
-2.562487783364267,-0.1251197231255187,-0.8304101838123017,0.1044462956353308,0.06829637132196902
1.1490601901928519,0.40097677489128525,0.37687590666722204,0.1597746834637361,0.35611803596929054
-0.731376658070136,0.5082538694485754,0.6501784552492501,0.36219392804815015,-0.3250327518263409
0.18967428744082654,0.5357252327972299,0.8444769664744918,0.5013099697874553,0.09624254026759366
1.8505282306092339,1.9142851030244812,0.09298265427068335,-0.2599698490369473,0.9049855647345845
0.4865451993684216,-2.7806070292392433,-0.8269819614405196,-0.3122092894941814,-0.16514578558574133
0.8660771750711166,-0.04505123332323447,0.6471626058191552,-0.02917521436158364,-0.03430812953139956
-1.6751056724906228,-0.4298706314204773,-0.09464739488567468,0.04339246618865968,0.41448803324174927
-1.638970397269374,-1.0733805461148025,-0.03250447965626105,0.059866240604252455,0.8767771175341973
-0.6534743491343539,-0.22531799389791632,0.7739071168203545,-0.17738728603705084,0.13582564929244081
2.448424647461192,0.9029103693967465,-0.4764026168400754,-0.6039441711353131,0.5016819723515727
-0.3867702403520045,-2.9519280285954403,-0.9095243031891211,-0.17460327272883527,0.07111319407658885
-1.4972928375425325,1.834989059092781,-0.019176694376956807,0.07088931077664626,-0.9626971378171919
-1.1048973127685326,-2.530618135487046,-0.36795638239632084,-0.25770576221243485,0.512523523424409
-1.132051956309858,-2.5768436056481563,-0.35884091971827486,-0.22735625195807038,0.4845124286426739
2.8744627780143728,2.8344454923177347,0.9193923354283082,-0.2916172747749671,0.07980707983989202
1.552719717498653,-0.28759963847987763,0.017333213801331744,-0.005127173976881377,-0.28360492957550837
-2.293479523833317,1.0130901797355538,-0.35003996729590203,-0.5611785555870491,-0.6363821573851032
-2.5244794898819585,0.5693472951252669,-0.6869014826096043,-0.4396499710286186,-0.3119579451731391
0.9617243587661305,-0.7325431083073574,0.4253475339546621,-0.3826034297242388,-0.5485051911736523
-0.9027380626622459,-0.3773561851008809,0.5758786970195843,-0.228249731192586,0.2892537795127613
0.454901997002093,-3.047285347357149,-0.894312353290012,-0.08459111853714081,-0.04137481067214903
-1.16049331509577,2.2860541048459653,-0.26159503417025953,0.30112961132899174,-0.6922655007774394
-0.4623558778298177,-0.2172884734389901,0.8739586362094229,-0.19294736287688985,0.09616233719807339
2.507488861604096,1.217917457185466,-0.27841696657204273,-0.7559630677493252,0.5559496258261921
-1.237001087708447,-1.5102133255740404,0.019836738270330084,-0.3270300745034954,0.9430723824308904
-2.097301135024955,0.5774331231808317,-0.4210401866777295,-0.27431016681418446,-0.4719464890788167
-1.14232824177357,-1.6542564220524116,-0.03463557917735938,-0.4140316716520654,0.9064371712875431
-1.0640693692028014,-2.274614113850787,-0.3140653578252344,-0.36999542742182345,0.6665750348816805
0.20939124306563042,2.8296870441343738,-0.9309620361839298,0.30017002832633577,0.06378796634560728
-2.0036531134834767,-1.6566502816077078,0.035968574644061564,0.41792084776942356,0.9044276398457621
-1.5125565619129393,-1.3437105229422615,0.01310463738254415,-0.05671248097776025,0.9726747031062544
1.8548892376235038,-0.4922603199625796,-0.24700749531867416,0.1324688955220071,-0.4536747156023327
2.1868469550218586,2.2209988448124793,0.34977973642034466,-0.45991939073683147,0.6496371444716497
-0.8679440159506073,0.47045764577293514,0.5761727046505796,0.29300788294125624,-0.34586423209573486
-0.3973509487132741,1.9551212063644818,-0.3457220496693362,0.8548245633593554,-0.3587477504422206
-1.101683619500038,-1.0287772346062445,0.23322078471427227,-0.387295723394206,0.7641227218000949
-2.80481863158613,0.5116645959417628,-0.8229504808185786,-0.4621246928723094,-0.16179510415856974
-0.4681917295945821,-2.1463633943315656,-0.48573501830469457,-0.7486079456076947,0.3785658914527453
-0.6403321011639482,2.6619130965722846,-0.711397531872577,0.3700715696734017,-0.27572557915975643
0.3807453239780326,-1.7169163204287723,-0.1351738190995972,-0.9184945137923314,-0.3676524166640288
0.08037332760684948,2.521750270585655,-0.8113423715430205,0.5790315901176436,0.04663916664283913
-1.1413264822950755,-0.5567060297628968,0.3535142270451852,-0.2200167408270077,0.48040738466338617
-0.29464626372131436,2.4613775041116757,-0.7439336945935621,0.6018552140546937,-0.1826509378770639
1.799174997444376,1.2772000250152071,-0.06551896035169791,-0.2167108388987994,0.9323551236236609
-0.12905535603579776,0.42807614384660303,0.902200369459207,0.4116691262435515,-0.05342503859339995
1.10605355885811,2.5793477281972694,-0.379198282839798,0.23892573817646132,0.47654602689429726
0.6726682059954354,2.8205935867252667,-0.7422096514242693,0.24678363744997142,0.19658940898271046
-0.48074634286662965,-1.848311160453237,-0.2429123301289708,-0.8527261435447704,0.4447477122665058
-1.5380474675725118,-2.268975763628907,-0.021047995716199867,-0.02508159288219567,0.7656030246268011
-2.5105321915192476,-1.6113438343131243,0.03272918029627476,0.8067386541457264,0.5895163647989025
-1.6728564453394479,1.8279705592913054,0.025913819843227943,-0.09853235873774711,-0.9620800875748917
-1.9527864131048367,0.7178183780115781,-0.280784579822851,-0.2451854289067903,-0.6103358840508625
1.2070629593415263,-0.565100355422922,0.30045663589257693,-0.19051279857518905,-0.5004655198693546
-0.6948258667968422,1.7550842959638548,-0.14076366624073802,0.7551578435141749,-0.6294102896783177
2.298582790532062,-2.9832415907758527,0.6568957480616254,0.10489838680545605,-0.11773912182553792
0.1927913067287343,1.9983876492842663,-0.40699751249535765,0.8931084814366332,0.17434901917859286
-2.585982324402134,2.0614423807699613,0.4003179234137771,-0.7493527086839117,-0.46523651286175827
0.4189611910164777,3.1241564386596834,-0.9133731726170405,0.015927385071512964,0.007092896968963404
1.599499034277184,-0.3079741165317766,-0.027348478915952858,0.0086994196486887,-0.3030038378957527
-0.29174730698950035,1.6937386413047075,-0.11745071559946249,0.9505138276060963,-0.28545516293860035
-3.09528858697552,0.33661827586390625,-0.9428653472091357,-0.32994302894544136,-0.015288632168470907
-2.8803748241797797,1.6044439398432615,0.03250002416634425,-0.9655293556137244,-0.25811107838156905
0.24749833066646165,-1.2026606108106417,0.3489106316614351,-0.9045697977577715,-0.22856564708463353
0.6716731903921918,-0.6291674972733657,0.6328927258701754,-0.46064491649722095,-0.36620404315985927
1.4080984950500273,2.1943889089336777,-0.09458966636081921,0.1314938717641831,0.8010652497940696
-2.042764579394379,2.586102446351341,0.38628145376510403,-0.2397590144988592,-0.4697063352330711
-1.4326457789475833,0.7816338298440934,0.09774261736710328,0.09700950196690498,-0.6977283558345622
2.968095863085138,-2.8370842507976297,0.9396722822291489,0.2953230134211535,-0.051757964654392474
-0.22354475472536345,-2.2077181981268015,-0.5799255988542683,-0.7839266067074865,0.17822132584707204
-2.9422296998786632,-2.1903574533257903,0.5691763929327015,0.7980077909268571,0.16123499847119838
-0.44902052307504603,2.401645011800441,-0.6652979750111226,0.6074127446526665,-0.2926803770514559
0.858292831391015,2.6079854275541474,-0.5628473173637614,0.3325149300674513,0.3849037511868673
-2.0805983726591037,-1.9079290144721115,0.1614233657132938,0.46053323830297077,0.8237062820672085
-1.7851226908683577,-0.9774541102708556,-0.11892202577855336,0.17633567522848134,0.8101072004826748
-0.04859447766472054,0.09615171836183987,0.9942059571512082,0.09589030031064219,-0.004663410396646771
1.925927230549456,0.805765683713454,-0.24081187541639423,-0.2508267193608318,0.6763489076301361
1.4413116388453135,2.509444905601152,-0.10417144206261157,0.07629614361117194,0.5859323329407119
-2.7511161406867437,1.5556976221318934,-0.013961661307990664,-0.9246223866689812,-0.38058571769196015
2.5742797109142135,1.1995494896512788,-0.3059477567771554,-0.7858955054585599,0.5007600817734064
0.5984495671528783,-3.006636831001267,-0.8186975628150768,-0.11116370148018721,-0.07579842786496054
0.598860299553479,-0.2701545314408856,0.7960200826401995,-0.22043747195508856,-0.15044085526388135
1.1501690906819173,0.870915377755554,0.2630182194772719,0.3123416924340988,0.6982431918353968
-2.601127437672695,2.9894124322364783,0.8475595618009717,-0.12998680136155544,-0.07800016274432227
-1.694073662698781,2.4004216363946442,0.0907088710261743,-0.08302031137795773,-0.6700284565075946
0.9231350461521279,0.9148096336075842,0.367991661236706,0.4781011421197052,0.6319736827164509
-1.6962815244628813,1.4328283415057659,-0.017212809569739754,-0.12396683522158655,-0.9827092814485189
-0.44038943067685693,0.780987373932059,0.6424537776725275,0.6368111727134628,-0.30010131297583326
-1.4378122279415368,0.9540448749220191,0.07668992251591718,0.1081638639818049,-0.8085590246779419
2.936326623281731,-1.5869708601497212,0.015834287620755942,0.9788787359422723,-0.2038009509404834
-2.2135790115337417,0.2996729289868467,-0.5727105836853711,-0.1769549236304617,-0.2362933720316125
